date,proceeds,pre_cutoff,rate_used,extra_tax,year
2021-04-14,3052.4445304870605,True,0.001,1.5262222652435302,2021
2021-04-14,12475.895862579346,True,0.001,6.237947931289673,2021
2021-04-15,12364.469467163086,True,0.001,6.182234733581543,2021
2021-04-16,3034.4625,True,0.001,1.51723125,2021
2021-04-16,12412.11388320923,True,0.001,6.206056941604615,2021
2021-04-22,3111.385545730591,True,0.001,1.5556927728652954,2021
2021-04-26,14823.162487792968,True,0.001,7.411581243896484,2021
2021-04-28,3209.2875,True,0.001,1.60464375,2021
2021-05-07,3256.240621948242,True,0.001,1.628120310974121,2021
2021-05-10,3166.3304695129395,True,0.001,1.5831652347564698,2021
2021-05-10,13027.959365844725,True,0.001,6.513979682922362,2021
2021-05-11,46123.8310289383,True,0.001,23.061915514469153,2021
2021-05-14,1435.5629885673522,True,0.001,0.7177814942836761,2021
2021-05-14,3193.30351524353,True,0.001,1.5966517576217651,2021
2021-05-14,13983.003121948244,True,0.001,6.991501560974123,2021
2021-05-17,1438.5599618911742,True,0.001,0.7192799809455871,2021
2021-05-17,3286.2105457305906,True,0.001,1.6431052728652953,2021
2021-05-17,14068.917182922363,True,0.001,7.034458591461182,2021
2021-05-20,1429.5690419197083,True,0.001,0.7147845209598541,2021
2021-05-21,3339.6570304870606,True,0.001,1.6698285152435304,2021
2021-05-24,1390.6080076217652,True,0.001,0.6953040038108826,2021
2021-05-24,3346.6500000000005,True,0.001,1.6733250000000004,2021
2021-05-25,1380.6179695129395,True,0.001,0.6903089847564697,2021
2021-05-26,1404.5940419197082,True,0.001,0.7022970209598541,2021
2021-06-02,1426.571973323822,True,0.001,0.713285986661911,2021
2021-06-02,5965.661133956909,True,0.001,2.9828305669784547,2021
2021-06-03,5792.365060043335,True,0.001,2.8961825300216675,2021
2021-06-03,3358.6378932952884,True,0.001,1.6793189466476444,2021
2021-06-04,1394.6040038108827,True,0.001,0.6973020019054413,2021
2021-06-07,1374.6240228652955,True,0.001,0.6873120114326478,2021
2021-06-07,6041.0956489563,True,0.001,3.02054782447815,2021
2021-06-08,17870.11229724884,True,0.001,8.93505614862442,2021
2021-06-08,12481.791297912598,True,0.001,6.240895648956299,2021
2021-06-08,9605.384771347046,True,0.001,4.802692385673523,2021
2021-06-09,1362.636034297943,True,0.001,0.6813180171489716,2021
2021-06-09,3202.7941371917727,True,0.001,1.6013970685958865,2021
2021-06-09,521.4779790401459,True,0.001,0.26073898952007296,2021
2021-06-09,56934.010509109496,True,0.001,28.46700525455475,2021
2021-06-10,5705.717023086548,True,0.001,2.852858511543274,2021
2021-06-10,3164.8320304870604,True,0.001,1.5824160152435303,2021
2021-06-11,3169.8269542694093,True,0.001,1.5849134771347047,2021
2021-06-16,5919.075,True,0.001,2.9595375,2021
2021-06-16,3177.818946647644,True,0.001,1.588909473323822,2021
2021-06-17,1313.6849618911742,True,0.001,0.6568424809455872,2021
2021-06-18,10605.384365844726,True,0.001,5.302692182922363,2021
2021-06-18,6043.236602783203,True,0.001,3.0216183013916016,2021
2021-06-18,3218.7781219482426,True,0.001,1.6093890609741213,2021
2021-06-18,10741.247759914399,True,0.001,5.3706238799572,2021
2021-06-21,1068.9299809455872,True,0.001,0.5344649904727936,2021
2021-06-22,1347.6509771347046,True,0.001,0.6738254885673524,2021
2021-06-22,6210.92572517395,True,0.001,3.105462862586975,2021
2021-06-22,62127.21184387207,True,0.001,31.063605921936038,2021
2021-06-23,3299.6968780517577,True,0.001,1.649848439025879,2021
2021-06-24,1357.6410152435303,True,0.001,0.6788205076217652,2021
2021-06-24,521.4779790401459,True,0.001,0.26073898952007296,2021
2021-06-25,6895.097664642334,True,0.001,3.447548832321167,2021
2021-06-28,6231.619198608399,True,0.001,3.115809599304199,2021
2021-06-28,526.4729980945586,True,0.001,0.2632364990472793,2021
2021-06-29,6188.091297912597,True,0.001,3.0940456489562984,2021
2021-06-29,4086.409568595886,True,0.001,2.043204784297943,2021
2021-06-29,3182.813965702057,True,0.001,1.5914069828510284,2021
2021-06-30,1380.6179695129395,True,0.001,0.6903089847564697,2021
2021-06-30,859.1400381088256,True,0.001,0.42957001905441283,2021
2021-06-30,1377.1214847564697,True,0.001,0.6885607423782348,2021
2021-07-01,1388.6099618911744,True,0.001,0.6943049809455872,2021
2021-07-01,65498.43346195221,True,0.001,32.74921673097611,2021
2021-07-02,1346.1525381088256,True,0.001,0.6730762690544129,2021
2021-07-02,573.4259771347046,True,0.001,0.2867129885673523,2021
2021-07-05,1391.6070304870605,True,0.001,0.6958035152435302,2021
2021-07-05,48515.434986305234,True,0.001,24.25771749315262,2021
2021-07-06,1375.6230457305908,True,0.001,0.6878115228652955,2021
2021-07-07,53540.904230976106,True,0.001,26.770452115488055,2021
2021-07-12,2448.5490228652952,True,0.001,1.2242745114326476,2021
2021-07-13,2491.5060533523556,True,0.001,1.2457530266761778,2021
2021-07-14,74078.84611587525,True,0.001,37.039423057937626,2021
2021-07-15,1354.6440419197083,True,0.001,0.6773220209598542,2021
2021-07-16,14122.862512207033,True,0.001,7.061431256103517,2021
2021-07-20,5398.5960914611815,True,0.001,2.6992980457305906,2021
2021-07-20,13873.112512207032,True,0.001,6.936556256103516,2021
2021-07-21,724.275,True,0.001,0.3621375,2021
2021-07-21,4465.48091583252,True,0.001,2.2327404579162597,2021
2021-07-22,4782.896946716309,True,0.001,2.3914484733581545,2021
2021-07-23,1325.6730457305907,True,0.001,0.6628365228652954,2021
2021-07-23,14706.279670715332,True,0.001,7.353139835357666,2021
2021-07-23,4608.195038223267,True,0.001,2.3040975191116337,2021
2021-07-26,14988.995329284668,True,0.001,7.494497664642334,2021
2021-07-27,15592.392182922364,True,0.001,7.796196091461182,2021
2021-07-27,57238.76183395385,True,0.001,28.619380916976926,2021
2021-07-28,1199.7990228652955,True,0.001,0.5998995114326477,2021
2021-07-28,672.3270019054413,True,0.001,0.3361635009527207,2021
2021-07-29,1199.7990228652955,True,0.001,0.5998995114326477,2021
2021-07-29,644.3549809455872,True,0.001,0.3221774904727936,2021
2021-07-30,1162.8360342979431,True,0.001,0.5814180171489716,2021
2021-07-30,660.339013338089,True,0.001,0.3301695066690445,2021
2021-08-02,1189.8089847564697,True,0.001,0.5949044923782348,2021
2021-08-04,678.3209961891174,True,0.001,0.3391604980945587,2021
2021-08-06,668.3310057163238,True,0.001,0.33416550285816193,2021
2021-08-09,1250.7480457305908,True,0.001,0.6253740228652954,2021
2021-08-09,678.3209961891174,True,0.001,0.3391604980945587,2021
2021-08-10,10532.556970882417,True,0.001,5.266278485441209,2021
2021-08-10,12657.330076217651,True,0.001,6.328665038108825,2021
2021-08-10,9933.874464797975,True,0.001,4.966937232398988,2021
2021-08-10,15010.973832321166,True,0.001,7.505486916160583,2021
2021-08-11,3352.104135131836,True,0.001,1.676052067565918,2021
2021-08-11,2986.010939025879,True,0.001,1.4930054695129396,2021
2021-08-12,1501.4969733238222,True,0.001,0.7507484866619111,2021
2021-08-13,338.7609032392502,True,0.001,0.1693804516196251,2021
2021-08-13,667.3319828510284,True,0.001,0.33366599142551423,2021
2021-08-13,815.7834365844726,True,0.001,0.4078917182922363,2021
2021-08-13,3068.082677650452,True,0.001,1.5340413388252259,2021
2021-08-16,3080.612668991089,True,0.001,1.5403063344955445,2021
2021-08-16,656.3430171489715,True,0.001,0.32817150857448574,2021
2021-08-16,3030.4281091690063,True,0.001,1.5152140545845032,2021
2021-08-17,337.7619041919708,True,0.001,0.16888095209598541,2021
2021-08-17,645.3540038108825,True,0.001,0.3226770019054413,2021
2021-08-17,733.2660152435302,True,0.001,0.3666330076217651,2021
2021-08-18,3035.0684303283692,True,0.001,1.5175342151641846,2021
2021-08-18,1426.571973323822,True,0.001,0.713285986661911,2021
2021-08-18,635.364013338089,True,0.001,0.3176820066690445,2021
2021-08-18,769.2299809455872,True,0.001,0.38461499047279357,2021
2021-08-18,3806.097624206543,True,0.001,1.9030488121032716,2021
2021-08-18,2718.2789085388185,True,0.001,1.3591394542694093,2021
2021-08-19,2995.4388719558715,True,0.001,1.4977194359779358,2021
2021-08-19,1419.5790038108826,True,0.001,0.7097895019054413,2021
2021-08-19,3731.55714225769,True,0.001,1.865778571128845,2021
2021-08-20,6550.3430529356,True,0.001,3.2751715264678003,2021
2021-08-20,7534.457817077637,True,0.001,3.7672289085388186,2021
2021-08-20,5728.258393478393,True,0.001,2.8641291967391966,2021
2021-08-20,2807.1900381088253,True,0.001,1.4035950190544126,2021
2021-08-20,11244.743946647643,True,0.001,5.622371973323822,2021
2021-08-20,3727.7146293640135,True,0.001,1.8638573146820068,2021
2021-08-20,3904.091992378235,True,0.001,1.9520459961891174,2021
2021-08-20,2763.23398475647,True,0.001,1.3816169923782349,2021
2021-08-23,360.73890609741215,True,0.001,0.18036945304870608,2021
2021-08-23,2745.8323516845703,True,0.001,1.3729161758422852,2021
2021-08-23,1361.6370114326478,True,0.001,0.680818505716324,2021
2021-08-23,623.3759771347046,True,0.001,0.3116879885673523,2021
2021-08-23,656.7425881862641,True,0.001,0.3283712940931321,2021
2021-08-23,1149.9488679885865,True,0.001,0.5749744339942933,2021
2021-08-23,2687.3099618911747,True,0.001,1.3436549809455873,2021
2021-08-24,2704.4284463882445,True,0.001,1.3522142231941223,2021
2021-08-24,1373.625,True,0.001,0.6868125,2021
2021-08-24,3692.3656448364254,True,0.001,1.8461828224182129,2021
2021-08-24,787.8114156246185,True,0.001,0.3939057078123092,2021
2021-08-24,651.7476167678833,True,0.001,0.32587380838394164,2021
2021-08-24,2752.244923782349,True,0.001,1.3761224618911745,2021
2021-08-25,1232.7660152435303,True,0.001,0.6163830076217651,2021
2021-08-25,1173.825,True,0.001,0.5869125000000001,2021
2021-08-25,2886.6057821273803,True,0.001,1.4433028910636903,2021
2021-08-25,786.8123927593231,True,0.001,0.39340619637966157,2021
2021-08-25,675.7235939025879,True,0.001,0.337861796951294,2021
2021-08-26,739.2600095272064,True,0.001,0.3696300047636032,2021
2021-08-26,1184.813965702057,True,0.001,0.5924069828510286,2021
2021-08-26,2968.230504226685,True,0.001,1.4841152521133425,2021
2021-08-26,1365.633007621765,True,0.001,0.6828165038108825,2021
2021-08-27,348.75089371204376,True,0.001,0.17437544685602188,2021
2021-08-27,724.275,True,0.001,0.3621375,2021
2021-08-30,344.75489752292634,True,0.001,0.1723774487614632,2021
2021-08-30,2845.1519542694095,True,0.001,1.4225759771347048,2021
2021-08-30,716.2830076217651,True,0.001,0.35814150381088256,2021
2021-08-30,1170.8280266761778,True,0.001,0.585414013338089,2021
2021-08-30,1292.7059580802916,True,0.001,0.6463529790401458,2021
2021-08-30,643.3560057163238,True,0.001,0.3216780028581619,2021
2021-08-30,688.7106053352355,True,0.001,0.34435530266761777,2021
2021-08-30,1096.0028717994692,True,0.001,0.5480014358997346,2021
2021-08-31,4468.826680183411,True,0.001,2.2344133400917054,2021
2021-08-31,2874.1230457305905,True,0.001,1.4370615228652952,2021
2021-08-31,2825.1720685958862,True,0.001,1.412586034297943,2021
2021-08-31,4643.351954269409,True,0.001,2.3216759771347046,2021
2021-08-31,2355.641992378235,True,0.001,1.1778209961891175,2021
2021-08-31,1397.6009771347046,True,0.001,0.6988004885673523,2021
2021-08-31,3836.1600571632384,True,0.001,1.9180800285816193,2021
2021-08-31,7192.8,True,0.001,3.5964,2021
2021-08-31,2336.4612011432646,True,0.001,1.1682306005716323,2021
2021-09-01,348.75089371204376,True,0.001,0.17437544685602188,2021
2021-09-01,789.2100095272065,True,0.001,0.3946050047636032,2021
2021-09-01,657.3419923782349,True,0.001,0.32867099618911744,2021
2021-09-01,777.8213775157928,True,0.001,0.3889106887578964,2021
2021-09-01,529.9694828510284,True,0.001,0.2649847414255142,2021
2021-09-02,358.7409080028534,True,0.001,0.1793704540014267,2021
2021-09-02,1191.8070304870605,True,0.001,0.5959035152435302,2021
2021-09-02,2964.033007621765,True,0.001,1.4820165038108826,2021
2021-09-03,8265.725977134705,True,0.001,4.132862988567353,2021
2021-09-03,711.2879885673524,True,0.001,0.3556439942836762,2021
2021-09-03,698.7005958080291,True,0.001,0.34935029790401456,2021
2021-09-03,528.9705076217651,True,0.001,0.26448525381088256,2021
2021-09-03,1100.9978908538817,True,0.001,0.5504989454269409,2021
2021-09-06,734.2649904727936,True,0.001,0.3671324952363968,2021
2021-09-06,1190.808007621765,True,0.001,0.5954040038108825,2021
2021-09-06,636.3629885673522,True,0.001,0.3181814942836761,2021
2021-09-06,695.7036224842071,True,0.001,0.34785181124210357,2021
2021-09-06,539.9595209598541,True,0.001,0.26997976047992706,2021
2021-09-06,3015.981053352356,True,0.001,1.507990526676178,2021
2021-09-07,659.3399904727936,True,0.001,0.3296699952363968,2021
2021-09-07,812.1870114326476,True,0.001,0.4060935057163238,2021
2021-09-07,3133.8630838394165,True,0.001,1.5669315419197083,2021
2021-09-08,1154.1447211503983,True,0.001,0.5770723605751992,2021
2021-09-08,1258.7400381088257,True,0.001,0.6293700190544129,2021
2021-09-08,682.3169923782349,True,0.001,0.3411584961891175,2021
2021-09-08,742.656601524353,True,0.001,0.37132830076217654,2021
2021-09-08,551.9475095272064,True,0.001,0.2759737547636032,2021
2021-09-08,1122.9759175300599,True,0.001,0.56148795876503,2021
2021-09-09,769.2299809455872,True,0.001,0.38461499047279357,2021
2021-09-09,1264.73398475647,True,0.001,0.632366992378235,2021
2021-09-09,1215.7830076217651,True,0.001,0.6078915038108825,2021
2021-09-09,563.9354980945587,True,0.001,0.2819677490472794,2021
2021-09-09,3400.596091461182,True,0.001,1.700298045730591,2021
2021-09-10,2644.0532293081283,True,0.001,1.3220266146540642,2021
2021-09-10,1516.4820304870607,True,0.001,0.7582410152435304,2021
2021-09-10,2477.5199237823485,True,0.001,1.2387599618911742,2021
2021-09-10,1220.7780266761781,True,0.001,0.610389013338089,2021
2021-09-10,1954.043994283676,True,0.001,0.977021997141838,2021
2021-09-10,4275.720209598541,True,0.001,2.1378601047992705,2021
2021-09-10,1949.0490228652955,True,0.001,0.9745245114326477,2021
2021-09-10,1352.6459961891173,True,0.001,0.6763229980945586,2021
2021-09-10,1629.5688274383544,True,0.001,0.8147844137191772,2021
2021-09-10,2371.825810289383,True,0.001,1.1859129051446915,2021
2021-09-10,1703.7944828510283,True,0.001,0.8518972414255142,2021
2021-09-10,2249.9477359771727,True,0.001,1.1249738679885863,2021
2021-09-10,3383.6128932952884,True,0.001,1.6918064466476441,2021
2021-09-13,1239.7589847564698,True,0.001,0.6198794923782349,2021
2021-09-13,633.3660152435302,True,0.001,0.3166830076217651,2021
2021-09-13,1119.9789442062379,True,0.001,0.559989472103119,2021
2021-09-13,3306.689847564697,True,0.001,1.6533449237823485,2021
2021-09-14,773.2259771347046,True,0.001,0.3866129885673523,2021
2021-09-14,866.1330076217653,True,0.001,0.43306650381088263,2021
2021-09-14,789.6095805644989,True,0.001,0.39480479028224946,2021
2021-09-15,620.3790038108826,True,0.001,0.3101895019054413,2021
2021-09-15,944.5544923782348,True,0.001,0.47227724618911743,2021
2021-09-15,539.9595209598541,True,0.001,0.26997976047992706,2021
2021-09-16,21560.217945814133,True,0.001,10.780108972907067,2021
2021-09-16,2102.8949237823485,True,0.001,1.0514474618911742,2021
2021-09-16,7901.091062879563,True,0.001,3.9505455314397815,2021
2021-09-16,1210.7879885673522,True,0.001,0.6053939942836761,2021
2021-09-16,15352.631268310546,True,0.001,7.676315634155273,2021
2021-09-16,15432.55195426941,True,0.001,7.716275977134705,2021
2021-09-16,1102.9959365844727,True,0.001,0.5514979682922364,2021
2021-09-17,637.3620114326477,True,0.001,0.31868100571632385,2021
2021-09-17,11718.27016196251,True,0.001,5.859135080981255,2021
2021-09-17,809.7893946647645,True,0.001,0.40489469733238226,2021
2021-09-22,11616.372259140015,True,0.001,5.808186129570007,2021
2021-09-23,11448.540228652953,True,0.001,5.724270114326477,2021
2021-09-23,2467.530076217651,True,0.001,1.2337650381088257,2021
2021-09-23,2411.585939025879,True,0.001,1.2057929695129395,2021
2021-09-23,5094.900000000001,True,0.001,2.5474500000000004,2021
2021-09-23,1641.5567207336426,True,0.001,0.8207783603668213,2021
2021-09-23,1613.884568595886,True,0.001,0.806942284297943,2021
2021-09-23,2227.9698045730593,True,0.001,1.1139849022865296,2021
2021-09-24,1240.7580076217653,True,0.001,0.6203790038108826,2021
2021-09-24,1118.9799213409424,True,0.001,0.5594899606704712,2021
2021-09-27,1801.197068595886,True,0.001,0.9005985342979431,2021
2021-09-27,849.15,True,0.001,0.424575,2021
2021-09-27,806.7924213409423,True,0.001,0.40339621067047116,2021
2021-09-27,1128.9698641777038,True,0.001,0.5644849320888519,2021
2021-09-28,779.7194828510285,True,0.001,0.3898597414255143,2021
2021-09-28,1238.7599618911743,True,0.001,0.6193799809455871,2021
2021-09-28,816.1830076217651,True,0.001,0.40809150381088255,2021
2021-09-28,3820.176167678833,True,0.001,1.9100880838394165,2021
2021-09-28,790.8083889484406,True,0.001,0.39540419447422026,2021
2021-09-28,527.9714847564696,True,0.001,0.2639857423782348,2021
2021-09-28,1119.9789442062379,True,0.001,0.559989472103119,2021
2021-09-29,781.8174213409424,True,0.001,0.39090871067047117,2021
2021-09-29,529.9694828510284,True,0.001,0.2649847414255142,2021
2021-09-30,1635.3630838394163,True,0.001,0.8176815419197082,2021
2021-09-30,755.7435057163239,True,0.001,0.37787175285816194,2021
2021-09-30,1164.8339847564698,True,0.001,0.582416992378235,2021
2021-09-30,761.2379885673523,True,0.001,0.3806189942836762,2021
2021-09-30,765.8333889484405,True,0.001,0.3829166944742203,2021
2021-09-30,519.9794923782348,True,0.001,0.2599897461891174,2021
2021-09-30,1050.0488679885864,True,0.001,0.5250244339942932,2021
2021-10-08,38578.38510360718,True,0.001,19.28919255180359,2021
2021-10-08,764.7345209598542,True,0.001,0.3823672604799271,2021
2021-10-08,1250.7480457305908,True,0.001,0.6253740228652954,2021
2021-10-08,1174.8240228652953,True,0.001,0.5874120114326477,2021
2021-10-08,794.2049809455871,True,0.001,0.39710249047279356,2021
2021-10-08,58381.55862808227,True,0.001,29.190779314041134,2021
2021-10-08,1062.0368565559386,True,0.001,0.5310184282779693,2021
2021-10-11,7687.305171489716,True,0.001,3.843652585744858,2021
2021-10-11,1281.7169923782349,True,0.001,0.6408584961891175,2021
2021-10-11,1200.798045730591,True,0.001,0.6003990228652955,2021
2021-10-11,3252.7441371917726,True,0.001,1.6263720685958862,2021
2021-10-11,789.8094137191772,True,0.001,0.3949047068595886,2021
2021-10-11,1077.9209961891174,True,0.001,0.5389604980945587,2021
2021-10-11,1072.0268946647645,True,0.001,0.5360134473323823,2021
2021-10-12,6768.225095272064,True,0.001,3.384112547636032,2021
2021-10-12,4041.953908538818,True,0.001,2.020976954269409,2021
2021-10-12,536.9625,True,0.001,0.26848125,2021
2021-10-13,579.619804573059,True,0.001,0.28980990228652953,2021
2021-10-13,755.7435057163239,True,0.001,0.37787175285816194,2021
2021-10-13,4246.748832321166,True,0.001,2.1233744161605834,2021
2021-10-13,1521.7766801834107,True,0.001,0.7608883400917054,2021
2021-10-14,48955.99625759124,True,0.001,24.477998128795623,2021
2021-10-14,828.1709961891174,True,0.001,0.41408549809455875,2021
2021-10-14,1662.8355457305909,True,0.001,0.8314177728652955,2021
2021-10-14,1551.7466992378236,True,0.001,0.7758733496189119,2021
2021-10-14,536.9625,True,0.001,0.26848125,2021
2021-10-14,1261.5657122612,True,0.001,0.6307828561305999,2021
2021-10-15,1208.7900381088257,True,0.001,0.6043950190544128,2021
2021-10-15,1722.7755838394166,True,0.001,0.8613877919197084,2021
2021-10-15,1073.0259175300598,True,0.001,0.5365129587650299,2021
2021-10-18,607.5917778968811,True,0.001,0.30379588894844056,2021
2021-10-19,6386.806577825546,True,0.001,3.193403288912773,2021
2021-10-19,1170.8280266761778,True,0.001,0.585414013338089,2021
2021-10-19,4813.181839942932,True,0.001,2.406590919971466,2021
2021-10-19,3727.269137191772,True,0.001,1.8636345685958862,2021
2021-10-19,5004.490621948243,True,0.001,2.5022453109741214,2021
2021-10-19,7389.1036105155945,True,0.001,3.6945518052577975,2021
2021-10-19,5610.38422293663,True,0.001,2.805192111468315,2021
2021-10-19,1610.8875,True,0.001,0.80544375,2021
2021-10-19,1049.0499403953554,True,0.001,0.5245249701976777,2021
2021-10-19,6279.28600358963,True,0.001,3.139643001794815,2021
2021-10-20,593.6057912349701,True,0.001,0.296802895617485,2021
2021-10-20,23436.233071517945,True,0.001,11.718116535758973,2021
2021-10-20,1183.430805873871,True,0.001,0.5917154029369355,2021
2021-10-20,755.2439942836761,True,0.001,0.3776219971418381,2021
2021-10-20,3750.2460914611815,True,0.001,1.8751230457305907,2021
2021-10-21,515.2113637447358,True,0.001,0.2576056818723679,2021
2021-10-21,770.2290038108825,True,0.001,0.3851145019054413,2021
2021-10-21,1628.2035787582397,True,0.001,0.8141017893791199,2021
2021-10-22,569.4299809455871,True,0.001,0.2847149904727935,2021
2021-10-22,1631.5335279464723,True,0.001,0.8157667639732362,2021
2021-10-22,215.78400857448577,True,0.001,0.10789200428724288,2021
2021-10-22,513.9854980945588,True,0.001,0.2569927490472794,2021
2021-10-22,1346.4807503700258,True,0.001,0.6732403751850129,2021
2021-10-25,784.2149904727936,True,0.001,0.3921074952363968,2021
2021-10-25,3794.2019542694093,True,0.001,1.8971009771347047,2021
2021-10-25,772.4829979419709,True,0.001,0.3862414989709855,2021
2021-10-25,1551.7466992378236,True,0.001,0.7758733496189119,2021
2021-10-25,531.4680171489716,True,0.001,0.2657340085744858,2021
2021-10-26,490.23636374473574,True,0.001,0.24511818187236786,2021
2021-10-26,1213.4007296562195,True,0.001,0.6067003648281097,2021
2021-10-26,741.258007621765,True,0.001,0.37062900381088254,2021
2021-10-26,808.7278733253479,True,0.001,0.40436393666267395,2021
2021-10-26,1572.9254885673522,True,0.001,0.7864627442836761,2021
2021-10-26,238.76101047992705,True,0.001,0.11938050523996353,2021
2021-10-26,527.4720209598541,True,0.001,0.26373601047992706,2021
2021-10-27,735.264013338089,True,0.001,0.3676320066690445,2021
2021-10-28,1187.273032951355,True,0.001,0.5936365164756775,2021
2021-10-28,1495.0035152435303,True,0.001,0.7475017576217652,2021
2021-10-29,3186.8996129035954,True,0.001,1.5934498064517977,2021
2021-10-29,3230.765919971466,True,0.001,1.615382959985733,2021
2021-10-29,3398.1370242118837,True,0.001,1.699068512105942,2021
2021-10-29,3541.4550762176514,True,0.001,1.7707275381088257,2021
2021-10-29,2217.7800285816193,True,0.001,1.1088900142908096,2021
2021-10-29,3214.7820304870606,True,0.001,1.6073910152435305,2021
2021-10-29,3430.6338489532473,True,0.001,1.7153169244766238,2021
2021-10-29,1491.0075190544128,True,0.001,0.7455037595272064,2021
2021-10-29,2905.691444206238,True,0.001,1.452845722103119,2021
2021-10-29,1178.8199476003647,True,0.001,0.5894099738001823,2021
2021-10-29,492.00751905441285,True,0.001,0.24600375952720643,2021
2021-10-29,3510.4859866619113,True,0.001,1.7552429933309557,2021
2021-10-29,1003.0959365844726,True,0.001,0.5015479682922364,2021
2021-10-29,2273.3814245224,True,0.001,1.1366907122612,2021
2021-11-01,2886.310819816589,True,0.001,1.4431554099082946,2021
2021-11-01,1015.0839251518249,True,0.001,0.5075419625759124,2021
2021-11-02,2925.2717588424684,True,0.001,1.4626358794212342,2021
2021-11-02,3415.0263793945314,True,0.001,1.7075131896972657,2021
2021-11-02,1643.5214212417602,True,0.001,0.8217607106208801,2021
2021-11-02,1590.7077335357667,True,0.001,0.7953538667678833,2021
2021-11-02,1248.007925891876,True,0.001,0.6240039629459381,2021
2021-11-03,3285.910629272461,True,0.001,1.6429553146362306,2021
2021-11-03,1266.424587535858,True,0.001,0.6332122937679291,2021
2021-11-03,720.2790038108826,True,0.001,0.3601395019054413,2021
2021-11-03,868.5319581985473,True,0.001,0.43426597909927367,2021
2021-11-03,1584.7136916160582,True,0.001,0.7923568458080291,2021
2021-11-03,3101.384456062317,True,0.001,1.5506922280311586,2021
2021-11-03,1285.1136320114138,True,0.001,0.6425568160057069,2021
2021-11-04,12855.218156433106,True,0.001,6.427609078216553,2021
2021-11-04,591.4080076217651,True,0.001,0.2957040038108826,2021
2021-11-04,3686.5098426818845,True,0.001,1.8432549213409424,2021
2021-11-04,11453.15072965622,True,0.001,5.7265753648281095,2021
2021-11-04,15868.115538883209,True,0.001,7.934057769441605,2021
2021-11-04,11455.830351734161,True,0.001,5.72791517586708,2021
2021-11-04,4896.598439025878,True,0.001,2.448299219512939,2021
2021-11-04,11310.478050613403,True,0.001,5.6552390253067015,2021
2021-11-04,1581.7167182922362,True,0.001,0.7908583591461181,2021
2021-11-04,1440.0584485530853,True,0.001,0.7200292242765427,2021
2021-11-04,502.49702095985407,True,0.001,0.251248510479927,2021
2021-11-04,8945.844947719574,True,0.001,4.472922473859787,2021
2021-11-05,11694.89320793152,True,0.001,5.84744660396576,2021
2021-11-08,2969.516486549377,True,0.001,1.4847582432746886,2021
2021-11-09,770.2290038108825,True,0.001,0.3851145019054413,2021
2021-11-09,3588.6456161499027,True,0.001,1.7943228080749514,2021
2021-11-09,13837.149308681488,True,0.001,6.918574654340744,2021
2021-11-10,1604.6936725616454,True,0.001,0.8023468362808227,2021
2021-11-11,1623.6747259140013,True,0.001,0.8118373629570007,2021
2021-11-12,579.4200190544128,True,0.001,0.28971000952720644,2021
2021-11-12,1156.8419923782349,True,0.001,0.5784209961891175,2021
2021-11-12,3662.3652339935306,True,0.001,1.8311826169967653,2021
2021-11-12,3271.2143417358398,True,0.001,1.6356071708679198,2021
2021-11-15,826.1730457305908,True,0.001,0.4130865228652954,2021
2021-11-15,1621.6766801834106,True,0.001,0.8108383400917053,2021
2021-11-15,223.77600095272064,True,0.001,0.11188800047636031,2021
2021-11-17,602.3970209598541,True,0.001,0.3011985104799271,2021
2021-11-18,813.1860342979431,True,0.001,0.40659301714897156,2021
2021-11-18,3760.887218856811,True,0.001,1.8804436094284056,2021
2021-11-19,809.1900381088257,True,0.001,0.40459501905441286,2021
2021-11-22,1199.7990228652955,True,0.001,0.5998995114326477,2021
2021-11-22,3770.3149612426755,True,0.001,1.8851574806213378,2021
2021-11-22,3698.880348587036,True,0.001,1.8494401742935183,2021
2021-11-22,1616.681756401062,True,0.001,0.808340878200531,2021
2021-11-22,3289.1963722229,True,0.001,1.64459818611145,2021
2021-11-23,3831.5867122650147,True,0.001,1.9157933561325073,2021
2021-11-23,3694.0572956085207,True,0.001,1.8470286478042603,2021
2021-11-23,226.77299809455872,True,0.001,0.11338649904727936,2021
2021-11-23,5049.445317077637,True,0.001,2.5247226585388187,2021
2021-11-24,557.4419923782348,True,0.001,0.2787209961891174,2021
2021-11-24,3237.24832649231,True,0.001,1.6186241632461549,2021
2021-11-24,4956.681194686889,True,0.001,2.4783405973434447,2021
2021-11-25,3776.530891799927,True,0.001,1.8882654458999635,2021
2021-11-25,1586.7117373466492,True,0.001,0.7933558686733246,2021
2021-11-26,569.4299809455871,True,0.001,0.2847149904727935,2021
2021-11-26,829.1700190544128,True,0.001,0.4145850095272064,2021
2021-11-26,3812.0509849548343,True,0.001,1.9060254924774171,2021
2021-11-30,1106.891992378235,True,0.001,0.5534459961891175,2021
2021-11-30,1169.8290038108826,True,0.001,0.5849145019054413,2021
2021-11-30,813.1860342979431,True,0.001,0.40659301714897156,2021
2021-11-30,4008.2988613128664,True,0.001,2.004149430656433,2021
2021-11-30,1143.8549809455872,True,0.001,0.5719274904727936,2021
2021-11-30,4978.088446426391,True,0.001,2.4890442232131953,2021
2021-12-01,73084.50873069763,True,0.001,36.54225436534882,2021
2021-12-01,5035.173942947387,True,0.001,2.5175869714736936,2021
2021-12-02,848.1509771347046,True,0.001,0.4240754885673523,2021
2021-12-03,553.4459961891175,True,0.001,0.27672299809455875,2021
2021-12-03,1099.8990228652954,True,0.001,0.5499495114326477,2021
2021-12-03,4005.479570388794,True,0.001,2.002739785194397,2021
2021-12-03,5035.173942947387,True,0.001,2.5175869714736936,2021
2021-12-06,850.1490228652955,True,0.001,0.42507451143264774,2021
2021-12-06,247.7520019054413,True,0.001,0.12387600095272065,2021
2021-12-06,3916.5686313629153,True,0.001,1.9582843156814578,2021
2021-12-07,533.4660152435303,True,0.001,0.2667330076217651,2021
2021-12-07,1059.9389657020567,True,0.001,0.5299694828510284,2021
2021-12-07,3770.7143417358393,True,0.001,1.8853571708679198,2021
2021-12-08,547.4520019054413,True,0.001,0.27372600095272065,2021
2021-12-08,3539.434927368164,True,0.001,1.769717463684082,2021
2021-12-08,251.7479980945587,True,0.001,0.12587399904727936,2021
2021-12-08,4960.248942947388,True,0.001,2.4801244714736943,2021
2021-12-09,549.45,True,0.001,0.27472500000000005,2021
2021-12-09,1061.9370114326478,True,0.001,0.5309685057163239,2021
2021-12-09,3725.4707817077638,True,0.001,1.862735390853882,2021
2021-12-10,1807.1910628795624,True,0.001,0.9035955314397812,2021
2021-12-10,2163.83398475647,True,0.001,1.081916992378235,2021
2021-12-10,795.2040038108826,True,0.001,0.3976020019054413,2021
2021-12-10,3542.986669921875,True,0.001,1.7714933349609376,2021
2021-12-10,2648.3490943193437,True,0.001,1.324174547159672,2021
2021-12-10,10679.776985549928,True,0.001,5.339888492774964,2021
2021-12-10,4924.570317077637,True,0.001,2.4622851585388186,2021
2021-12-13,644.3549809455872,True,0.001,0.3221774904727936,2021
2021-12-13,3767.2068054199217,True,0.001,1.8836034027099609,2021
2021-12-13,3810.6744941711427,True,0.001,1.9053372470855714,2021
2021-12-13,6375.373310852051,True,0.001,3.1876866554260257,2021
2021-12-13,1308.190526676178,True,0.001,0.654095263338089,2021
2021-12-13,5372.621878051757,True,0.001,2.6863109390258786,2021
2021-12-14,658.3410152435303,True,0.001,0.32917050762176514,2021
2021-12-14,811.1879885673522,True,0.001,0.40559399428367615,2021
2021-12-14,6289.23516998291,True,0.001,3.144617584991455,2021
2021-12-14,1299.1995114326476,True,0.001,0.6495997557163238,2021
2021-12-14,16372.611320114136,True,0.001,8.186305660057068,2021
2021-12-15,6446.220666503907,True,0.001,3.2231103332519533,2021
2021-12-15,1301.1974618911743,True,0.001,0.6505987309455872,2021
2021-12-16,622.3770019054414,True,0.001,0.3111885009527207,2021
2021-12-16,842.1570304870606,True,0.001,0.42107851524353035,2021
2021-12-16,3785.854978179932,True,0.001,1.892927489089966,2021
2021-12-17,3526.4699237823484,True,0.001,1.7632349618911742,2021
2021-12-17,3809.3867969512944,True,0.001,1.9046933984756473,2021
2021-12-17,6191.373992156982,True,0.001,3.0956869960784914,2021
2021-12-17,1242.2565419197083,True,0.001,0.6211282709598541,2021
2021-12-20,1013.9849618911743,True,0.001,0.5069924809455871,2021
2021-12-20,3737.902642822266,True,0.001,1.868951321411133,2021
2021-12-20,3886.5983264923093,True,0.001,1.9432991632461547,2021
2021-12-20,1225.2735342979431,True,0.001,0.6126367671489715,2021
2021-12-21,7092.900000000001,True,0.001,3.5464500000000005,2021
2021-12-21,820.1790038108825,True,0.001,0.41008950190544124,2021
2021-12-21,35941.42509384156,True,0.001,17.97071254692078,2021
2021-12-21,1217.2815419197082,True,0.001,0.6086407709598541,2021
2021-12-22,1332.6660152435302,True,0.001,0.6663330076217651,2021
2021-12-22,1404.5940419197082,True,0.001,0.7022970209598541,2021
2021-12-22,841.1580076217651,True,0.001,0.4205790038108826,2021
2021-12-22,31352.538654327393,True,0.001,15.676269327163697,2021
2021-12-22,16720.26251220703,True,0.001,8.360131256103516,2021
2021-12-22,29211.760509109496,True,0.001,14.605880254554748,2021
2021-12-23,37816.14723472595,True,0.001,18.908073617362973,2021
2021-12-23,6459.534365844726,True,0.001,3.2297671829223633,2021
2021-12-23,1332.1665038108827,True,0.001,0.6660832519054414,2021
2021-12-24,1436.5620114326478,True,0.001,0.7182810057163239,2021
2021-12-24,1322.1764657020567,True,0.001,0.6610882328510284,2021
2021-12-27,624.375,True,0.001,0.3121875,2021
2021-12-27,244.7550047636032,True,0.001,0.1223775023818016,2021
2021-12-27,3795.68934173584,True,0.001,1.8978446708679202,2021
2021-12-27,1298.2004885673523,True,0.001,0.6491002442836762,2021
2021-12-28,644.3549809455872,True,0.001,0.3221774904727936,2021
2021-12-28,236.7629885673523,True,0.001,0.11838149428367616,2021
2021-12-28,5997.996091461182,True,0.001,2.998998045730591,2021
2021-12-28,4539.242072296142,True,0.001,2.269621036148071,2021
2021-12-29,28631.339847564697,True,0.001,14.315669923782348,2021
2021-12-29,6022.9710914611815,True,0.001,3.011485545730591,2021
2021-12-31,666.3330076217651,True,0.001,0.33316650381088253,2021
2021-12-31,4474.0104331970215,True,0.001,2.2370052165985106,2021
2021-12-31,13318.668731689453,True,0.001,6.659334365844726,2021
2022-01-04,1026.971973323822,True,0.001,0.513485986661911,2022
2022-01-04,4862.6133693695065,True,0.001,2.431306684684753,2022
2022-01-04,1389.1094733238222,True,0.001,0.6945547366619111,2022
2022-01-04,1245.8043783187866,True,0.001,0.6229021891593933,2022
2022-01-04,8213.778121948242,True,0.001,4.1068890609741215,2022
2022-01-05,7714.278121948241,True,0.001,3.8571390609741205,2022
2022-01-05,8070.898988342285,True,0.001,4.035449494171142,2022
2022-01-05,8286.704695129394,True,0.001,4.143352347564697,2022
2022-01-06,993.0059580802916,True,0.001,0.49650297904014584,2022
2022-01-06,28218.637271118165,True,0.001,14.109318635559083,2022
2022-01-06,1354.1445304870604,True,0.001,0.6770722652435301,2022
2022-01-07,663.3359866619111,True,0.001,0.33166799333095554,2022
2022-01-07,2134.450365257263,True,0.001,1.0672251826286314,2022
2022-01-10,1018.9799809455872,True,0.001,0.5094899904727936,2022
2022-01-10,2170.0668737411497,True,0.001,1.085033436870575,2022
2022-01-10,37468.14010620117,True,0.001,18.734070053100588,2022
2022-01-11,678.3209961891174,True,0.001,0.3391604980945587,2022
2022-01-11,7519.472664642333,True,0.001,3.7597363323211668,2022
2022-01-11,986.0129885673523,True,0.001,0.49300649428367616,2022
2022-01-11,2159.64258556366,True,0.001,1.07982129278183,2022
2022-01-11,235.76398952007293,True,0.001,0.11788199476003647,2022
2022-01-12,7312.679695129394,True,0.001,3.656339847564697,2022
2022-01-12,2352.6449237823485,True,0.001,1.1763224618911743,2022
2022-01-12,958.0410152435302,True,0.001,0.4790205076217651,2022
2022-01-12,605.3939942836761,True,0.001,0.30269699714183806,2022
2022-01-12,29582.388083839414,True,0.001,14.791194041919708,2022
2022-01-13,2231.7442932128906,True,0.001,1.1158721466064454,2022
2022-01-13,33035.93029117584,True,0.001,16.517965145587922,2022
2022-01-14,2270.7269542694094,True,0.001,1.1353634771347048,2022
2022-01-14,625.3740228652954,True,0.001,0.3126870114326477,2022
2022-01-17,632.366992378235,True,0.001,0.3161834961891175,2022
2022-01-17,1490.0084961891175,True,0.001,0.7450042480945588,2022
2022-01-17,4860.135152435303,True,0.001,2.4300675762176516,2022
2022-01-18,627.3720209598541,True,0.001,0.31368601047992706,2022
2022-01-18,7376.615634155273,True,0.001,3.6883078170776367,2022
2022-01-18,2292.7050762176514,True,0.001,1.1463525381088258,2022
2022-01-18,617.3819828510284,True,0.001,0.3086909914255142,2022
2022-01-18,233.76599142551422,True,0.001,0.1168829957127571,2022
2022-01-18,1406.092480945587,True,0.001,0.7030462404727935,2022
2022-01-19,595.4040038108825,True,0.001,0.29770200190544127,2022
2022-01-19,917.6813870429992,True,0.001,0.4588406935214996,2022
2022-01-20,612.3870114326477,True,0.001,0.30619350571632387,2022
2022-01-20,911.6874403953552,True,0.001,0.4558437201976776,2022
2022-01-20,4548.446878051758,True,0.001,2.2742234390258793,2022
2022-01-21,871.7273832321167,True,0.001,0.43586369161605837,2022
2022-01-21,1316.1825190544128,True,0.001,0.6580912595272064,2022
2022-01-24,1336.9617373466492,True,0.001,0.6684808686733246,2022
2022-01-24,856.7424213409424,True,0.001,0.42837121067047124,2022
2022-01-24,1298.2004885673523,True,0.001,0.6491002442836762,2022
2022-01-24,4413.58203048706,True,0.001,2.2067910152435304,2022
2022-01-25,1603.4949594497682,True,0.001,0.8017474797248841,2022
2022-01-25,1307.9907411575318,True,0.001,0.6539953705787659,2022
2022-01-25,4788.040494918823,True,0.001,2.394020247459412,2022
2022-01-25,435.56401333808896,True,0.001,0.2177820066690445,2022
2022-01-25,4414.580862808228,True,0.001,2.2072904314041137,2022
2022-01-25,1538.3490652084351,True,0.001,0.7691745326042176,2022
2022-01-26,1523.5749403953553,True,0.001,0.7617874701976777,2022
2022-01-26,533.4660152435303,True,0.001,0.2667330076217651,2022
2022-01-26,4583.245571136475,True,0.001,2.2916227855682374,2022
2022-01-26,455.5439942836761,True,0.001,0.22777199714183807,2022
2022-01-26,1379.6190419197083,True,0.001,0.6898095209598541,2022
2022-01-26,803.7953527450561,True,0.001,0.40189767637252805,2022
2022-01-26,4455.539847564697,True,0.001,2.2277699237823487,2022
2022-01-26,1444.4431071281433,True,0.001,0.7222215535640717,2022
2022-01-27,6618.874225616455,True,0.001,3.3094371128082276,2022
2022-01-27,1219.0797068595887,True,0.001,0.6095398534297943,2022
2022-01-27,1184.314454269409,True,0.001,0.5921572271347045,2022
2022-01-27,4554.107944107056,True,0.001,2.277053972053528,2022
2022-01-27,1353.6450190544128,True,0.001,0.6768225095272065,2022
2022-01-27,798.8003813266754,True,0.001,0.3994001906633377,2022
2022-01-27,1271.2275381088257,True,0.001,0.6356137690544128,2022
2022-01-27,1428.4591223716736,True,0.001,0.7142295611858368,2022
2022-01-28,1436.6618565559386,True,0.001,0.7183309282779693,2022
2022-01-28,523.4759771347046,True,0.001,0.2617379885673523,2022
2022-01-28,1151.147676372528,True,0.001,0.575573838186264,2022
2022-01-28,1337.6610342979432,True,0.001,0.6688305171489716,2022
2022-01-28,776.8224022865295,True,0.001,0.3884112011432648,2022
2022-01-28,1150.3485342979432,True,0.001,0.5751742671489716,2022
2022-01-28,4187.807817077637,True,0.001,2.0939039085388185,2022
2022-02-07,1448.649940395355,True,0.001,0.7243249701976776,2022
2022-02-07,2080.9169923782347,True,0.001,1.0404584961891175,2022
2022-02-07,553.4459961891175,True,0.001,0.27672299809455875,2022
2022-02-07,1231.0676954269409,True,0.001,0.6155338477134704,2022
2022-02-07,1161.3374999999999,True,0.001,0.58066875,2022
2022-02-07,224.77499999999998,True,0.001,0.11238749999999999,2022
2022-02-07,1335.6629885673524,True,0.001,0.6678314942836762,2022
2022-02-07,792.8063870429993,True,0.001,0.39640319352149966,2022
2022-02-07,1219.2794923782349,True,0.001,0.6096397461891174,2022
2022-02-08,1449.6488679885865,True,0.001,0.7248244339942933,2022
2022-02-08,2040.9570304870606,True,0.001,1.0204785152435303,2022
2022-02-08,2205.791992378235,True,0.001,1.1028959961891176,2022
2022-02-08,1221.0776573181151,True,0.001,0.6105388286590576,2022
2022-02-08,2252.7449237823485,True,0.001,1.1263724618911743,2022
2022-02-08,899.0999999999999,True,0.001,0.44954999999999995,2022
2022-02-08,1304.694041919708,True,0.001,0.6523470209598541,2022
2022-02-08,2378.419161128998,True,0.001,1.189209580564499,2022
2022-02-08,2478.518946647644,True,0.001,1.239259473323822,2022
2022-02-08,1508.3791414260863,True,0.001,0.7541895707130432,2022
2022-02-09,1466.6318756103517,True,0.001,0.7333159378051759,2022
2022-02-09,566.4330076217651,True,0.001,0.28321650381088254,2022
2022-02-09,1289.0096878051756,True,0.001,0.6445048439025879,2022
2022-02-09,1150.3485342979432,True,0.001,0.5751742671489716,2022
2022-02-09,11209.607418823241,True,0.001,5.6048037094116205,2022
2022-02-09,594.4049809455872,True,0.001,0.2972024904727936,2022
2022-02-10,2230.766992378235,True,0.001,1.1153834961891176,2022
2022-02-10,2070.926954269409,True,0.001,1.0354634771347047,2022
2022-02-10,1321.9766801834107,True,0.001,0.6609883400917054,2022
2022-02-10,1518.369084262848,True,0.001,0.7591845421314241,2022
2022-02-10,9483.491786956787,True,0.001,4.741745893478393,2022
2022-02-11,1306.9917182922363,True,0.001,0.6534958591461182,2022
2022-02-11,1310.6879885673522,True,0.001,0.6553439942836762,2022
2022-02-11,1308.6900381088255,True,0.001,0.6543450190544128,2022
2022-02-11,1339.1594733238219,True,0.001,0.669579736661911,2022
2022-02-11,1532.355118560791,True,0.001,0.7661775592803955,2022
2022-02-14,1256.741992378235,True,0.001,0.6283709961891175,2022
2022-02-14,794.804385137558,True,0.001,0.397402192568779,2022
2022-02-14,594.3620608806609,True,0.001,0.29718103044033045,2022
2022-02-14,1541.3461338043212,True,0.001,0.7706730669021606,2022
2022-02-15,1967.031053352356,True,0.001,0.983515526676178,2022
2022-02-15,1348.9497259140014,True,0.001,0.6744748629570008,2022
2022-02-15,1181.317480945587,True,0.001,0.5906587404727935,2022
2022-02-15,1281.217480945587,True,0.001,0.6406087404727936,2022
2022-02-15,1488.3990652084349,True,0.001,0.7441995326042175,2022
2022-02-16,2009.9880838394163,True,0.001,1.004994041919708,2022
2022-02-16,556.4430171489715,True,0.001,0.2782215085744858,2022
2022-02-16,1168.3304695129393,True,0.001,0.5841652347564696,2022
2022-02-16,1250.7480457305908,True,0.001,0.6253740228652954,2022
2022-02-16,570.3860361099244,True,0.001,0.28519301805496217,2022
2022-02-16,641.3580076217652,True,0.001,0.3206790038108826,2022
2022-02-16,1293.2054695129395,True,0.001,0.6466027347564698,2022
2022-02-16,1444.4431071281433,True,0.001,0.7222215535640717,2022
2022-02-17,1991.0070304870605,True,0.001,0.9955035152435303,2022
2022-02-17,808.790371799469,True,0.001,0.4043951858997345,2022
2022-02-17,567.3890627861023,True,0.001,0.2836945313930511,2022
2022-02-17,1470.4171299934387,True,0.001,0.7352085649967194,2022
2022-02-18,1156.342480945587,True,0.001,0.5781712404727936,2022
2022-02-18,1423.4641033172607,True,0.001,0.7117320516586303,2022
2022-02-21,3286.7101524353025,True,0.001,1.6433550762176512,2022
2022-02-21,1258.7400381088257,True,0.001,0.6293700190544129,2022
2022-02-21,1468.4190842628477,True,0.001,0.7342095421314239,2022
2022-02-22,5455.539060974121,True,0.001,2.7277695304870604,2022
2022-02-23,3178.8179695129393,True,0.001,1.5894089847564696,2022
2022-02-23,1888.1099618911744,True,0.001,0.9440549809455873,2022
2022-02-23,2099.8980457305906,True,0.001,1.0499490228652952,2022
2022-02-23,586.4129885673523,True,0.001,0.2932064942836761,2022
2022-02-23,215.78400857448577,True,0.001,0.10789200428724288,2022
2022-02-23,1238.7599618911743,True,0.001,0.6193799809455871,2022
2022-02-23,1470.4171299934387,True,0.001,0.7352085649967194,2022
2022-02-24,2305.6919923782348,True,0.001,1.1528459961891173,2022
2022-02-24,1197.301465702057,True,0.001,0.5986507328510284,2022
2022-02-24,9108.12442703247,True,0.001,4.554062213516235,2022
2022-02-25,3170.8259771347043,True,0.001,1.5854129885673522,2022
2022-02-25,5753.2410152435305,True,0.001,2.8766205076217655,2022
2022-02-25,2281.7160152435304,True,0.001,1.1408580076217651,2022
2022-02-25,1901.0970685958864,True,0.001,0.9505485342979432,2022
2022-02-25,2157.840038108826,True,0.001,1.078920019054413,2022
2022-02-25,578.4209961891174,True,0.001,0.28921049809455873,2022
2022-02-25,7294.198343753815,True,0.001,3.6470991718769072,2022
2022-02-25,1150.3485342979432,True,0.001,0.5751742671489716,2022
2022-02-25,211.78798856735227,True,0.001,0.10589399428367614,2022
2022-02-25,812.7863679885864,True,0.001,0.40639318399429325,2022
2022-02-25,583.3730475425721,True,0.001,0.29168652377128607,2022
2022-02-25,577.4220209598541,True,0.001,0.28871101047992703,2022
2022-02-25,1313.1855457305908,True,0.001,0.6565927728652954,2022
2022-02-25,9421.247117614746,True,0.001,4.710623558807374,2022
2022-02-28,2322.6749999999997,True,0.001,1.1613375,2022
2022-02-28,1919.0789085388183,True,0.001,0.9595394542694091,2022
2022-02-28,2137.8599618911744,True,0.001,1.0689299809455872,2022
2022-02-28,580.4189942836762,True,0.001,0.2902094971418381,2022
2022-02-28,1273.725,True,0.001,0.6368625,2022
2022-02-28,821.7773832321168,True,0.001,0.4108886916160584,2022
2022-02-28,1301.1974618911743,True,0.001,0.6505987309455872,2022
2022-03-01,3150.8460914611815,True,0.001,1.5754230457305907,2022
2022-03-01,5675.319137191772,True,0.001,2.837659568595886,2022
2022-03-01,2263.7339847564695,True,0.001,1.1318669923782347,2022
2022-03-01,2172.825,True,0.001,1.0864125,2022
2022-03-01,1747.2509771347047,True,0.001,0.8736254885673523,2022
2022-03-01,1149.3495114326477,True,0.001,0.5746747557163239,2022
2022-03-01,635.3639657020568,True,0.001,0.3176819828510284,2022
2022-03-01,1336.6620114326477,True,0.001,0.6683310057163239,2022
2022-03-01,1687.5108198165894,True,0.001,0.8437554099082948,2022
2022-03-01,1831.038136911392,True,0.001,0.9155190684556961,2022
2022-03-01,1726.2720685958861,True,0.001,0.8631360342979431,2022
2022-03-01,1294.204492378235,True,0.001,0.6471022461891175,2022
2022-03-02,2260.7369161605834,True,0.001,1.1303684580802917,2022
2022-03-02,1171.3275381088258,True,0.001,0.585663769054413,2022
2022-03-02,3771.878185272217,True,0.001,1.8859390926361084,2022
2022-03-02,843.7554099082947,True,0.001,0.4218777049541474,2022
2022-03-02,612.3440437316895,True,0.001,0.30617202186584475,2022
2022-03-03,650.0635877609253,True,0.001,0.32503179388046266,2022
2022-03-03,2194.8029314041137,True,0.001,1.0974014657020568,2022
2022-03-03,2123.8740228652955,True,0.001,1.0619370114326478,2022
2022-03-03,596.4029790401459,True,0.001,0.2982014895200729,2022
2022-03-03,1162.3365228652954,True,0.001,0.5811682614326477,2022
2022-03-03,5274.719923782349,True,0.001,2.6373599618911743,2022
2022-03-03,3653.72710647583,True,0.001,1.8268635532379152,2022
2022-03-03,864.7344137191773,True,0.001,0.4323672068595886,2022
2022-03-03,1278.2205076217651,True,0.001,0.6391102538108826,2022
2022-03-04,5375.619137191772,True,0.001,2.687809568595886,2022
2022-03-04,576.4229980945587,True,0.001,0.28821149904727933,2022
2022-03-07,3136.8599618911744,True,0.001,1.5684299809455873,2022
2022-03-07,218.78100571632385,True,0.001,0.10939050285816193,2022
2022-03-07,866.7323641777039,True,0.001,0.4333661820888519,2022
2022-03-07,22828.148451232908,True,0.001,11.414074225616455,2022
2022-03-07,1941.0570304870607,True,0.001,0.9705285152435303,2022
2022-03-08,16512.04303407669,True,0.001,8.256021517038345,2022
2022-03-08,2962.034961891174,True,0.001,1.4810174809455872,2022
2022-03-08,4305.689847564698,True,0.001,2.152844923782349,2022
2022-03-08,9940.049809455872,True,0.001,4.970024904727936,2022
2022-03-08,14145.840228652953,True,0.001,7.072920114326476,2022
2022-03-08,5631.862309455872,True,0.001,2.8159311547279358,2022
2022-03-08,5100.894137191772,True,0.001,2.550447068595886,2022
2022-03-08,6682.118870544435,True,0.001,3.3410594352722174,2022
2022-03-08,6937.056029534339,True,0.001,3.4685280147671698,2022
2022-03-08,2651.3460914611815,True,0.001,1.3256730457305907,2022
2022-03-08,9468.122592830658,True,0.001,4.734061296415329,2022
2022-03-08,20592.88233089447,True,0.001,10.296441165447236,2022
2022-03-08,14310.675047636032,True,0.001,7.155337523818016,2022
2022-03-08,6031.462404727936,True,0.001,3.015731202363968,2022
2022-03-08,15008.976548767088,True,0.001,7.504488274383545,2022
2022-06-10,1190.808007621765,True,0.001,0.5954040038108825,2022
2022-06-13,1228.7700190544128,True,0.001,0.6143850095272064,2022
2022-06-15,1222.7759771347046,True,0.001,0.6113879885673523,2022
2022-06-16,1581.1172664642334,True,0.001,0.7905586332321167,2022
2022-06-16,1232.7660152435303,True,0.001,0.6163830076217651,2022
2022-06-20,1619.0793731689453,True,0.001,0.8095396865844726,2022
2022-06-20,4063.932125759125,True,0.001,2.0319660628795626,2022
2022-06-21,1718.2800762176512,True,0.001,0.8591400381088257,2022
2022-06-21,1651.0473426818849,True,0.001,0.8255236713409424,2022
2022-06-21,515.7837106704711,True,0.001,0.25789185533523556,2022
2022-06-21,1471.219606590271,True,0.001,0.7356098032951356,2022
2022-06-22,1728.2699237823485,True,0.001,0.8641349618911743,2022
2022-06-22,1394.6040038108827,True,0.001,0.6973020019054413,2022
2022-06-22,1895.1029314041136,True,0.001,0.9475514657020568,2022
2022-06-22,1496.8350254058837,True,0.001,0.7484175127029419,2022
2022-06-23,1739.2589847564698,True,0.001,0.869629492378235,2022
2022-06-23,1895.1029314041136,True,0.001,0.9475514657020568,2022
2022-06-23,1441.890006351471,True,0.001,0.7209450031757355,2022
2022-06-23,1352.6459961891173,True,0.001,0.6763229980945586,2022
2022-06-24,512.7866897106171,True,0.001,0.25639334485530857,2022
2022-06-24,1476.8550444602968,True,0.001,0.7384275222301484,2022
2022-06-24,1333.6650381088257,True,0.001,0.6668325190544129,2022
2022-06-27,1667.0313274383545,True,0.001,0.8335156637191773,2022
2022-06-27,509.789716386795,True,0.001,0.2548948581933975,2022
2022-06-27,2903.993124389648,True,0.001,1.451996562194824,2022
2022-06-27,1486.0125,True,0.001,0.7430062500000001,2022
2022-06-27,1354.6440419197083,True,0.001,0.6773220209598542,2022
2022-06-28,5097.897068595886,True,0.001,2.548948534297943,2022
2022-06-28,3262.1345329284663,True,0.001,1.6310672664642332,2022
2022-06-28,12380.606935214997,True,0.001,6.190303467607499,2022
2022-06-28,10695.2943277359,True,0.001,5.347647163867951,2022
2022-06-28,11096.492040252686,True,0.001,5.548246020126343,2022
2022-06-28,8279.711725616455,True,0.001,4.139855862808227,2022
2022-06-28,7284.374841213226,True,0.001,3.6421874206066134,2022
2022-06-28,24023.951382637024,True,0.001,12.011975691318511,2022
2022-06-29,1738.333130836487,True,0.001,0.8691665654182436,2022
2022-06-29,7086.240101623535,True,0.001,3.5431200508117677,2022
2022-06-29,543.9555171489715,True,0.001,0.27197775857448575,2022
2022-06-29,538.7607125759125,True,0.001,0.26938035628795626,2022
2022-06-29,1386.6120114326477,True,0.001,0.6933060057163238,2022
2022-06-30,1668.3300762176514,True,0.001,0.8341650381088257,2022
2022-06-30,1586.112285518646,True,0.001,0.7930561427593231,2022
2022-06-30,7150.176040649414,True,0.001,3.5750880203247073,2022
2022-06-30,529.9694828510284,True,0.001,0.2649847414255142,2022
2022-06-30,3058.5537563323974,True,0.001,1.5292768781661987,2022
2022-06-30,2755.142147254944,True,0.001,1.377571073627472,2022
2022-06-30,2176.821091461182,True,0.001,1.088410545730591,2022
2022-06-30,1934.064060974121,True,0.001,0.9670320304870605,2022
2022-06-30,1406.5919923782349,True,0.001,0.7032959961891174,2022
2022-07-01,3440.5558628082276,True,0.001,1.720277931404114,2022
2022-07-01,1597.1013464927673,True,0.001,0.7985506732463837,2022
2022-07-01,20679.300285816193,True,0.001,10.339650142908097,2022
2022-07-01,3084.6815483093264,True,0.001,1.5423407741546633,2022
2022-07-01,18611.869339942932,True,0.001,9.305934669971466,2022
2022-07-01,11541.779949188232,True,0.001,5.770889974594116,2022
2022-07-01,1399.5990228652954,True,0.001,0.6997995114326477,2022
2022-07-04,1706.498161125183,True,0.001,0.8532490805625915,2022
2022-07-04,3049.332182693481,True,0.001,1.5246660913467407,2022
2022-07-04,2159.8380838394164,True,0.001,1.0799190419197082,2022
2022-07-04,1381.616992378235,True,0.001,0.6908084961891174,2022
2022-07-05,1635.063357925415,True,0.001,0.8175316789627075,2022
2022-07-05,1739.7585914611816,True,0.001,0.8698792957305909,2022
2022-07-05,529.9694828510284,True,0.001,0.2649847414255142,2022
2022-07-05,3190.729073524475,True,0.001,1.5953645367622376,2022
2022-07-05,2237.759961891174,True,0.001,1.118879980945587,2022
2022-07-05,1798.1999999999998,True,0.001,0.8990999999999999,2022
2022-07-05,1399.5990228652954,True,0.001,0.6997995114326477,2022
2022-07-06,1716.951412010193,True,0.001,0.8584757060050966,2022
2022-07-06,514.9845209598541,True,0.001,0.25749226047992707,2022
2022-07-06,3161.527614212036,True,0.001,1.5807638071060182,2022
2022-07-06,1757.2410152435302,True,0.001,0.8786205076217651,2022
2022-07-07,504.99448285102847,True,0.001,0.2524972414255142,2022
2022-07-07,3148.463718223572,True,0.001,1.574231859111786,2022
2022-07-07,2759.138048171997,True,0.001,1.3795690240859986,2022
2022-07-07,1394.6040038108827,True,0.001,0.6973020019054413,2022
2022-07-08,1858.5457065582275,True,0.001,0.9292728532791138,2022
2022-07-08,1005.9929695129395,True,0.001,0.5029964847564697,2022
2022-07-08,2750.1470329284666,True,0.001,1.3750735164642334,2022
2022-07-08,2175.822068595886,True,0.001,1.087911034297943,2022
2022-07-08,1875.1230457305908,True,0.001,0.9375615228652954,2022
2022-07-08,2689.3080076217652,True,0.001,1.3446540038108827,2022
2022-07-11,1883.2533731460571,True,0.001,0.9416266865730286,2022
2022-07-11,2766.1310176849365,True,0.001,1.3830655088424684,2022
2022-07-11,2194.8029314041137,True,0.001,1.0974014657020568,2022
2022-07-11,1891.1070304870605,True,0.001,0.9455535152435303,2022
2022-07-12,2672.862906074524,True,0.001,1.3364314530372619,2022
2022-07-12,1183.8150381088258,True,0.001,0.5919075190544129,2022
2022-07-12,1769.2289085388184,True,0.001,0.8846144542694092,2022
2022-07-12,3950.0460914611813,True,0.001,1.9750230457305906,2022
2022-07-13,528.9705076217651,True,0.001,0.26448525381088256,2022
2022-07-13,1134.8639657020567,True,0.001,0.5674319828510284,2022
2022-07-13,2523.012906074524,True,0.001,1.261506453037262,2022
2022-07-13,8085.606327438354,True,0.001,4.042803163719177,2022
2022-07-13,12769.217874240876,True,0.001,6.384608937120438,2022
2022-07-13,3504.492182922363,True,0.001,1.7522460914611815,2022
2022-07-13,30927.042087650298,True,0.001,15.46352104382515,2022
2022-07-13,27363.106329345705,True,0.001,13.681553164672852,2022
2022-07-14,524.9745114326477,True,0.001,0.2624872557163238,2022
2022-07-14,1158.8400381088256,True,0.001,0.5794200190544129,2022
2022-07-14,2641.356053352356,True,0.001,1.320678026676178,2022
2022-07-14,1894.1039085388184,True,0.001,0.9470519542694092,2022
2022-07-15,1969.0289085388183,True,0.001,0.9845144542694092,2022
2022-07-18,781.0181839942932,True,0.001,0.3905090919971466,2022
2022-07-18,1951.199694442749,True,0.001,0.9755998472213745,2022
2022-07-18,12766.220900917053,True,0.001,6.383110450458527,2022
2022-07-18,18269.71248779297,True,0.001,9.134856243896486,2022
2022-07-18,26567.25152206421,True,0.001,13.283625761032106,2022
2022-07-18,35550.41482315063,True,0.001,17.775207411575316,2022
2022-07-20,1678.3199237823485,True,0.001,0.8391599618911743,2022
2022-07-20,2442.5550762176513,True,0.001,1.2212775381088257,2022
2022-07-20,1433.5650381088258,True,0.001,0.7167825190544129,2022
2022-07-21,9535.053980827332,True,0.001,4.767526990413666,2022
2022-07-21,29414.555481719974,True,0.001,14.707277740859988,2022
2022-07-21,24718.75701828003,True,0.001,12.359378509140015,2022
2022-07-21,26346.820547103882,True,0.001,13.17341027355194,2022
2022-07-21,24395.58007621765,True,0.001,12.197790038108826,2022
2022-07-21,1416.5820304870606,True,0.001,0.7082910152435303,2022
2022-07-22,413.7858198165894,True,0.001,0.2068929099082947,2022
2022-07-22,828.9702335357665,True,0.001,0.41448511676788324,2022
2022-07-25,413.7858198165894,True,0.001,0.2068929099082947,2022
2022-07-26,1379.6190419197083,True,0.001,0.6898095209598541,2022
2022-07-27,1373.625,True,0.001,0.6868125,2022
2022-07-28,412.7867969512939,True,0.001,0.20639339847564697,2022
2022-07-28,822.9761916160584,True,0.001,0.4114880958080292,2022
2022-07-28,1419.5790038108826,True,0.001,0.7097895019054413,2022
2022-07-29,419.77981410026547,True,0.001,0.20988990705013275,2022
2022-07-29,1528.470019054413,True,0.001,0.7642350095272065,2022
2022-08-01,417.78181600570684,True,0.001,0.20889090800285343,2022
2022-08-01,1822.1759771347045,True,0.001,0.9110879885673523,2022
2022-08-01,1667.3310533523559,True,0.001,0.833665526676178,2022
2022-08-01,1530.4679695129394,True,0.001,0.7652339847564696,2022
2022-08-01,1953.5546293258665,True,0.001,0.9767773146629333,2022
2022-08-02,1948.4577644348146,True,0.001,0.9742288822174073,2022
2022-08-03,801.9971878051757,True,0.001,0.40099859390258785,2022
2022-08-03,1738.2599618911745,True,0.001,0.8691299809455872,2022
2022-08-03,1644.3539085388186,True,0.001,0.8221769542694093,2022
2022-08-03,1529.4690419197084,True,0.001,0.7647345209598542,2022
2022-08-03,1917.8761940002441,True,0.001,0.9589380970001221,2022
2022-08-04,26188.98403286934,True,0.001,13.09449201643467,2022
2022-08-04,23870.90576705933,True,0.001,11.935452883529665,2022
2022-08-04,24671.303146362305,True,0.001,12.335651573181153,2022
2022-08-04,24050.92385673523,True,0.001,12.025461928367616,2022
2022-08-04,25780.19451828003,True,0.001,12.890097259140015,2022
2022-08-04,21734.243946647646,True,0.001,10.867121973323822,2022
2022-08-04,22834.694213676452,True,0.001,11.417347106838227,2022
2022-08-11,15924.06034297943,True,0.001,7.962030171489715,2022
2022-08-11,18845.13593902588,True,0.001,9.42256796951294,2022
2022-08-11,22387.589085388183,True,0.001,11.193794542694091,2022
2022-08-11,18253.728121948243,True,0.001,9.126864060974121,2022
2022-08-11,20290.88951339722,True,0.001,10.145444756698609,2022
2022-08-23,2020.9058813095094,True,0.001,1.0104529406547547,2022
2022-08-24,594.4049809455872,True,0.001,0.2972024904727936,2022
2022-08-24,2020.9058813095094,True,0.001,1.0104529406547547,2022
2022-08-24,932.0669923782349,True,0.001,0.46603349618911744,2022
2022-08-24,1759.2390609741212,True,0.001,0.8796195304870607,2022
2022-08-25,30921.048807907104,True,0.001,15.460524403953553,2022
2022-08-25,11262.300111007691,True,0.001,5.631150055503846,2022
2022-08-25,33950.014490890506,True,0.001,16.975007245445255,2022
2022-08-25,27403.749391937254,True,0.001,13.701874695968627,2022
2022-08-25,28051.919542694093,True,0.001,14.025959771347047,2022
2022-08-25,28599.372259140015,True,0.001,14.299686129570008,2022
2022-08-31,757.2419923782348,True,0.001,0.37862099618911743,2022
2022-08-31,2105.8919923782346,True,0.001,1.0529459961891172,2022
2022-08-31,916.1828527450562,True,0.001,0.4580914263725281,2022
2022-09-02,730.2689942836762,True,0.001,0.3651344971418381,2022
2022-09-02,2811.185939025879,True,0.001,1.4055929695129397,2022
2022-09-02,900.1988679885864,True,0.001,0.4500994339942932,2022
2022-09-05,748.2509771347046,True,0.001,0.37412548856735234,2022
2022-09-05,2865.1320304870605,True,0.001,1.4325660152435302,2022
2022-09-06,759.2399904727936,True,0.001,0.3796199952363968,2022
2022-09-06,2100.897068595886,True,0.001,1.050448534297943,2022
2022-09-06,2788.20898475647,True,0.001,1.3941044923782349,2022
2022-09-06,918.180898475647,True,0.001,0.45909044923782355,2022
2022-09-06,6496.996865844727,True,0.001,3.2484984329223634,2022
2022-09-08,816.1830076217651,True,0.001,0.40809150381088255,2022
2022-09-08,17703.278622722624,True,0.001,8.851639311361312,2022
2022-09-08,919.1799213409423,True,0.001,0.45958996067047114,2022
2022-09-08,6397.096865844726,True,0.001,3.1985484329223635,2022
2022-09-09,2095.901954269409,True,0.001,1.0479509771347046,2022
2022-09-09,909.1898832321167,True,0.001,0.45459494161605835,2022
2022-09-09,6185.1656833648685,True,0.001,3.092582841682434,2022
2022-09-13,793.2060057163238,True,0.001,0.3966030028581619,2022
2022-09-13,3615.2974044799803,True,0.001,1.80764870223999,2022
2022-09-13,3437.5589847564697,True,0.001,1.718779492378235,2022
2022-09-13,1148.85,True,0.001,0.574425,2022
2022-09-13,3025.5301723480225,True,0.001,1.5127650861740112,2022
2022-09-13,1975.0230457305906,True,0.001,0.9875115228652953,2022
2022-09-15,769.2299809455872,True,0.001,0.38461499047279357,2022
2022-09-15,3641.2712368011476,True,0.001,1.8206356184005739,2022
2022-09-15,3402.5941371917725,True,0.001,1.7012970685958864,2022
2022-09-15,2096.9009771347046,True,0.001,1.0484504885673522,2022
2022-09-15,2667.3300762176514,True,0.001,1.3336650381088258,2022
2022-09-15,922.1768946647645,True,0.001,0.46108844733238225,2022
2022-09-15,1113.8849618911743,True,0.001,0.5569424809455872,2022
2022-09-15,2008.3596937179564,True,0.001,1.0041798468589782,2022
2022-09-15,2940.156303977966,True,0.001,1.4700781519889832,2022
2022-09-16,2042.9550762176514,True,0.001,1.0214775381088257,2022
2022-09-16,2559.438083839417,True,0.001,1.2797190419197084,2022
2022-09-16,2009.358716583252,True,0.001,1.004679358291626,2022
2022-09-16,2558.2045011520386,True,0.001,1.2791022505760192,2022
2022-09-19,14790.19540014267,True,0.001,7.395097700071335,2022
2022-09-19,16572.990955352783,True,0.001,8.286495477676391,2022
2022-09-19,18629.35195426941,True,0.001,9.314675977134705,2022
2022-09-19,10124.865228652954,True,0.001,5.062432614326477,2022
2022-09-19,2484.5130838394166,True,0.001,1.2422565419197082,2022
2022-09-19,11196.093076515197,True,0.001,5.598046538257599,2022
2022-09-19,16183.800285816194,True,0.001,8.091900142908097,2022
2022-09-19,13925.650482559204,True,0.001,6.962825241279602,2022
2022-09-19,2612.359428977966,True,0.001,1.306179714488983,2022
2022-09-19,7476.515634155274,True,0.001,3.738257817077637,2022
2022-09-22,36835.12812194824,True,0.001,18.417564060974122,2022
2022-09-22,42691.2658246994,True,0.001,21.345632912349704,2022
2022-10-25,17469.113131713868,True,0.001,8.734556565856934,2022
2022-10-27,18214.3678024292,True,0.001,9.107183901214599,2022
2022-10-28,1491.5070304870605,True,0.001,0.7457535152435303,2022
2022-10-31,46298.15561242103,True,0.001,23.149077806210517,2022
2022-11-03,301.61808865070344,True,0.001,0.15080904432535172,2022
2022-11-07,9852.138274383544,True,0.001,4.926069137191772,2022
2022-11-08,9590.4,True,0.001,4.7952,2022
2022-11-09,9982.007817077638,True,0.001,4.991003908538819,2022
2022-11-11,9598.392182922364,True,0.001,4.799196091461182,2022
2022-11-11,310.60908007621765,True,0.001,0.15530454003810884,2022
2022-11-14,320.59907054901123,True,0.001,0.1602995352745056,2022
2022-11-15,8830.160939025878,True,0.001,4.415080469512939,2022
2022-11-15,2235.5622259140014,True,0.001,1.1177811129570008,2022
2022-11-17,325.5940896034241,True,0.001,0.16279704480171206,2022
2022-11-17,2257.5401573181152,True,0.001,1.1287700786590575,2022
2022-11-18,322.59706864356997,True,0.001,0.16129853432178498,2022
2022-11-18,2275.5221878051757,True,0.001,1.137761093902588,2022
2022-11-22,2318.479218292236,True,0.001,1.1592396091461181,2022
2022-11-23,677.1621544361115,True,0.001,0.33858107721805575,2022
2022-11-24,7905.086725616455,True,0.001,3.9525433628082274,2022
2022-11-24,977.1219137191773,True,0.001,0.48856095685958867,2022
2022-11-24,22605.37187805176,True,0.001,11.30268593902588,2022
2022-11-24,715.1241658687592,True,0.001,0.3575620829343796,2022
2022-11-25,31032.93746337891,True,0.001,15.516468731689455,2022
2022-11-25,42231.02810926437,True,0.001,21.115514054632186,2022
2022-11-25,22032.945304870605,True,0.001,11.016472652435302,2022
2022-11-25,48575.41675357818,True,0.001,24.28770837678909,2022
2022-11-25,40311.84945087433,True,0.001,20.155924725437167,2022
2022-12-06,58051.89251518249,True,0.001,29.025946257591244,2022
2022-12-06,1105.7931243896485,True,0.001,0.5528965621948243,2022
2022-12-12,1083.8150977134705,True,0.001,0.5419075488567353,2022
2022-12-13,1047.8511320114135,True,0.001,0.5239255660057067,2022
2022-12-14,1870.1279314041137,True,0.001,0.9350639657020569,2022
2022-12-14,1059.839120578766,True,0.001,0.5299195602893829,2022
2022-12-15,74565.35939025879,True,0.001,37.282679695129396,2022
2022-12-15,1052.8460557937622,True,0.001,0.5264230278968811,2022
2022-12-19,1050.8481053352355,True,0.001,0.5254240526676177,2022
2022-12-21,1021.8771091461182,True,0.001,0.5109385545730591,2022
2022-12-22,8448.616900634765,True,0.001,4.224308450317382,2022
2022-12-26,461.6807061195374,True,0.001,0.2308403530597687,2022
2022-12-26,8088.977053070069,True,0.001,4.0444885265350345,2022
2022-12-26,7167.458393096924,True,0.001,3.583729196548462,2022
2022-12-26,980.9181243896484,True,0.001,0.4904590621948242,2022
2022-12-27,77696.51165041923,True,0.001,38.84825582520961,2022
2022-12-27,50783.61074523926,True,0.001,25.391805372619633,2022
2022-12-27,65136.492794036865,True,0.001,32.568246397018434,2022
2022-12-27,22063.71322746277,True,0.001,11.031856613731385,2022
2023-01-05,3285.4868591308596,True,0.001,1.6427434295654297,2023
2023-01-06,1303.9947449684144,True,0.001,0.6519973724842072,2023
2023-01-06,3064.9320304870607,True,0.001,1.5324660152435303,2023
2023-01-06,729.2700190544128,True,0.001,0.36463500952720646,2023
2023-01-09,2247.75,True,0.001,1.123875,2023
2023-01-09,3143.852931404114,True,0.001,1.5719264657020569,2023
2023-01-09,749.25,True,0.001,0.374625,2023
2023-01-10,2223.774022865295,True,0.001,1.1118870114326476,2023
2023-01-10,3461.535152435303,True,0.001,1.7307675762176515,2023
2023-01-10,3546.4500000000003,True,0.001,1.7732250000000003,2023
2023-01-11,2227.7699237823485,True,0.001,1.1138849618911744,2023
2023-01-11,1356.9417182922364,True,0.001,0.6784708591461182,2023
2023-01-11,3646.3500000000004,True,0.001,1.8231750000000002,2023
2023-01-11,3555.6243186950683,True,0.001,1.7778121593475342,2023
2023-01-11,797.2020019054413,True,0.001,0.39860100095272066,2023
2023-01-12,808.1910152435303,True,0.001,0.40409550762176516,2023
2023-01-13,2187.809961891174,True,0.001,1.0939049809455872,2023
2023-01-13,1407.8907411575317,True,0.001,0.7039453705787658,2023
2023-01-13,3433.5628932952877,True,0.001,1.7167814466476439,2023
2023-01-13,3534.726963043213,True,0.001,1.7673634815216064,2023
2023-01-13,803.1959961891173,True,0.001,0.40159799809455865,2023
2023-01-16,2223.774022865295,True,0.001,1.1118870114326476,2023
2023-01-16,1470.8276573181151,True,0.001,0.7354138286590576,2023
2023-01-16,7086.906243896485,True,0.001,3.5434531219482426,2023
2023-01-16,3596.3999999999996,True,0.001,1.7981999999999998,2023
2023-01-16,793.2060057163238,True,0.001,0.3966030028581619,2023
2023-01-17,1987.010939025879,True,0.001,0.9935054695129395,2023
2023-01-17,2227.7699237823485,True,0.001,1.1138849618911744,2023
2023-01-17,1027.4714847564696,True,0.001,0.5137357423782348,2023
2023-01-17,889.1099618911744,True,0.001,0.4445549809455872,2023
2023-01-18,1382.9157411575318,True,0.001,0.691457870578766,2023
2023-01-18,817.1820304870605,True,0.001,0.40859101524353025,2023
2023-01-18,1500.1983198165894,True,0.001,0.7500991599082948,2023
2023-01-19,1949.0490228652955,True,0.001,0.9745245114326477,2023
2023-01-19,1400.8976763725282,True,0.001,0.7004488381862641,2023
2023-01-19,848.6504885673522,True,0.001,0.42432524428367613,2023
2023-01-19,904.0950190544129,True,0.001,0.45204750952720646,2023
2023-01-20,2246.7509771347045,True,0.001,1.1233754885673524,2023
2023-01-20,1387.9106649398802,True,0.001,0.6939553324699401,2023
2023-01-20,1050.448534297943,True,0.001,0.5252242671489715,2023
2023-01-20,849.15,True,0.001,0.424575,2023
2023-01-20,1519.179277896881,True,0.001,0.7595896389484406,2023
2023-01-30,1988.0099618911743,True,0.001,0.9940049809455872,2023
2023-01-30,2267.7300762176515,True,0.001,1.1338650381088258,2023
2023-01-30,1386.9117373466493,True,0.001,0.6934558686733246,2023
2023-01-30,1064.434473323822,True,0.001,0.532217236661911,2023
2023-01-30,880.1190419197083,True,0.001,0.4400595209598541,2023
2023-01-30,869.6294923782349,True,0.001,0.4348147461891175,2023
2023-01-30,904.0950190544129,True,0.001,0.45204750952720646,2023
2023-01-30,1128.7700786590576,True,0.001,0.5643850393295288,2023
2023-01-30,1540.1582817077638,True,0.001,0.7700791408538818,2023
2023-01-31,2250.747068595886,True,0.001,1.125373534297943,2023
2023-01-31,2747.849451828003,True,0.001,1.3739247259140015,2023
2023-01-31,4317.678121948242,True,0.001,2.158839060974121,2023
2023-01-31,1700.298045730591,True,0.001,0.8501490228652955,2023
2023-01-31,888.6105457305907,True,0.001,0.44430527286529536,2023
2023-01-31,4575.419923782349,True,0.001,2.2877099618911743,2023
2023-01-31,4548.546913719178,True,0.001,2.274273456859589,2023
2023-02-01,1939.0589847564697,True,0.001,0.9695294923782349,2023
2023-02-01,829.1700190544128,True,0.001,0.4145850095272064,2023
2023-02-01,865.1339847564698,True,0.001,0.43256699237823487,2023
2023-02-01,896.6025381088256,True,0.001,0.4483012690544128,2023
2023-02-01,924.075,True,0.001,0.46203750000000005,2023
2023-02-01,1128.7700786590576,True,0.001,0.5643850393295288,2023
2023-02-01,1539.1592588424683,True,0.001,0.7695796294212341,2023
2023-02-02,1925.073045730591,True,0.001,0.9625365228652956,2023
2023-02-02,1090.4084961891174,True,0.001,0.5452042480945587,2023
2023-02-02,1200.3446459770203,True,0.001,0.6001723229885102,2023
2023-02-02,785.214013338089,True,0.001,0.3926070066690445,2023
2023-02-02,1120.778086280823,True,0.001,0.5603890431404115,2023
2023-02-02,1554.1443160057067,True,0.001,0.7770721580028533,2023
2023-02-03,843.1559580802917,True,0.001,0.4215779790401459,2023
2023-02-03,939.0599618911743,True,0.001,0.4695299809455872,2023
2023-02-03,1112.786093902588,True,0.001,0.556393046951294,2023
2023-02-03,1549.149296951294,True,0.001,0.774574648475647,2023
2023-02-07,1890.1080076217654,True,0.001,0.9450540038108827,2023
2023-02-07,1410.8877144813537,True,0.001,0.7054438572406768,2023
2023-02-07,1106.392480945587,True,0.001,0.5531962404727936,2023
2023-02-07,837.1620114326478,True,0.001,0.4185810057163239,2023
2023-02-07,837.1620114326478,True,0.001,0.4185810057163239,2023
2023-02-07,892.6065419197082,True,0.001,0.4463032709598541,2023
2023-02-07,1091.8070900917053,True,0.001,0.5459035450458527,2023
2023-02-08,1221.861555862427,True,0.001,0.6109307779312135,2023
2023-02-08,847.1519542694091,True,0.001,0.4235759771347046,2023
2023-02-08,927.5714847564697,True,0.001,0.46378574237823483,2023
2023-02-08,938.061034297943,True,0.001,0.46903051714897154,2023
2023-02-08,788.2109866619111,True,0.001,0.39410549333095557,2023
2023-02-08,1117.7811129570007,True,0.001,0.5588905564785004,2023
2023-02-09,1208.0291954040526,True,0.001,0.6040145977020264,2023
2023-02-09,976.5224618911743,True,0.001,0.48826123094558715,2023
2023-02-09,923.0759771347045,True,0.001,0.4615379885673523,2023
2023-02-09,1109.789120578766,True,0.001,0.554894560289383,2023
2023-02-10,1402.8957221031187,True,0.001,0.7014478610515593,2023
2023-02-10,4449.546091461182,True,0.001,2.224773045730591,2023
2023-02-10,4838.264497375489,True,0.001,2.4191322486877445,2023
2023-02-10,5040.953908538818,True,0.001,2.5204769542694088,2023
2023-02-10,1678.3199237823485,True,0.001,0.8391599618911743,2023
2023-02-10,6470.523045730591,True,0.001,3.2352615228652954,2023
2023-02-10,3728.2679695129395,True,0.001,1.8641339847564697,2023
2023-02-10,4717.277931404114,True,0.001,2.358638965702057,2023
2023-02-10,3144.252692985535,True,0.001,1.5721263464927675,2023
2023-02-13,1439.8587106704713,True,0.001,0.7199293553352356,2023
2023-02-13,1080.4184580802919,True,0.001,0.5402092290401459,2023
2023-02-13,942.0570304870605,True,0.001,0.4710285152435303,2023
2023-02-13,805.1940419197083,True,0.001,0.40259702095985417,2023
2023-02-13,1121.7771091461182,True,0.001,0.5608885545730591,2023
2023-02-14,2046.9509771347045,True,0.001,1.0234754885673523,2023
2023-02-14,1451.8466992378235,True,0.001,0.7259233496189118,2023
2023-02-14,1018.672633266449,True,0.001,0.5093363166332245,2023
2023-02-14,836.1629885673523,True,0.001,0.41808149428367614,2023
2023-02-14,832.1669923782348,True,0.001,0.4160834961891174,2023
2023-02-14,1086.4125,True,0.001,0.54320625,2023
2023-02-14,953.0459961891175,True,0.001,0.4765229980945588,2023
2023-02-14,802.196973323822,True,0.001,0.401098486661911,2023
2023-02-14,1581.1172664642334,True,0.001,0.7905586332321167,2023
2023-02-15,45494.46167678833,True,0.001,22.747230838394163,2023
2023-02-15,1436.861737346649,True,0.001,0.7184308686733245,2023
2023-02-15,1022.5149556159973,True,0.001,0.5112574778079987,2023
2023-02-15,841.1580076217651,True,0.001,0.4205790038108826,2023
2023-02-15,850.1490228652955,True,0.001,0.42507451143264774,2023
2023-02-15,1175.7231053352357,True,0.001,0.5878615526676179,2023
2023-02-15,1577.1212702751159,True,0.001,0.7885606351375579,2023
2023-02-16,1140.3584961891174,True,0.001,0.5701792480945588,2023
2023-02-16,832.1669923782348,True,0.001,0.4160834961891174,2023
2023-02-16,959.0400381088257,True,0.001,0.4795200190544128,2023
2023-02-16,1580.1183388710022,True,0.001,0.7900591694355011,2023
2023-02-17,1457.8407411575317,True,0.001,0.7289203705787659,2023
2023-02-17,1102.3964847564696,True,0.001,0.5511982423782348,2023
2023-02-17,1234.925356578827,True,0.001,0.6174626782894135,2023
2023-02-17,808.1910152435303,True,0.001,0.40409550762176516,2023
2023-02-17,924.075,True,0.001,0.46203750000000005,2023
2023-02-17,774.225,True,0.001,0.3871125,2023
2023-02-17,1141.7570900917053,True,0.001,0.5708785450458527,2023
2023-02-20,1105.3934580802916,True,0.001,0.5526967290401458,2023
2023-02-20,1220.3246269226074,True,0.001,0.6101623134613037,2023
2023-02-20,815.1839847564696,True,0.001,0.4075919923782348,2023
2023-02-20,1061.4375,True,0.001,0.53071875,2023
2023-02-20,919.0799809455872,True,0.001,0.4595399904727936,2023
2023-02-20,778.2209961891175,True,0.001,0.3891104980945588,2023
2023-02-20,1546.1523236274718,True,0.001,0.773076161813736,2023
2023-02-21,4521.473832321167,True,0.001,2.2607369161605835,2023
2023-02-21,8235.44832458496,True,0.001,4.117724162292481,2023
2023-02-21,4933.553710556031,True,0.001,2.4667768552780154,2023
2023-02-21,4549.446091461182,True,0.001,2.274723045730591,2023
2023-02-21,855.1440419197082,True,0.001,0.42757202095985414,2023
2023-02-21,7374.118553352357,True,0.001,3.6870592766761785,2023
2023-02-21,3692.303908538818,True,0.001,1.8461519542694091,2023
2023-02-21,6273.719923782349,True,0.001,3.1368599618911746,2023
2023-02-21,9373.816873168946,True,0.001,4.686908436584473,2023
2023-02-21,3128.268517684937,True,0.001,1.5641342588424685,2023
2023-02-22,2337.160545730591,True,0.001,1.1685802728652954,2023
2023-02-22,909.0900381088258,True,0.001,0.45454501905441286,2023
2023-02-22,1057.4415038108828,True,0.001,0.5287207519054414,2023
2023-02-22,1152.7460557937623,True,0.001,0.5763730278968812,2023
2023-02-23,732.0672068595886,True,0.001,0.3660336034297943,2023
2023-02-23,3703.2929695129396,True,0.001,1.8516464847564698,2023
2023-02-23,1144.354492378235,True,0.001,0.5721772461891175,2023
2023-02-23,753.2459961891174,True,0.001,0.3766229980945587,2023
2023-02-23,927.071973323822,True,0.001,0.46353598666191104,2023
2023-02-23,1182.7160748481751,True,0.001,0.5913580374240875,2023
2023-02-23,5745.997670745849,True,0.001,2.8729988353729246,2023
2023-02-24,734.0652049541474,True,0.001,0.3670326024770737,2023
2023-02-24,3693.3031219482423,True,0.001,1.8466515609741212,2023
2023-02-24,1137.3615228652955,True,0.001,0.5686807614326478,2023
2023-02-24,1237.9992144584655,True,0.001,0.6189996072292328,2023
2023-02-24,2945.051954269409,True,0.001,1.4725259771347046,2023
2023-02-24,919.0799809455872,True,0.001,0.4595399904727936,2023
2023-02-24,780.2189942836762,True,0.001,0.3901094971418381,2023
2023-02-24,1170.7280862808227,True,0.001,0.5853640431404113,2023
2023-02-24,5661.534031677246,True,0.001,2.830767015838623,2023
2023-02-27,2366.131446647644,True,0.001,1.1830657233238222,2023
2023-02-27,1139.3594733238222,True,0.001,0.5696797366619111,2023
2023-02-27,1045.5687944412232,True,0.001,0.5227843972206117,2023
2023-02-27,913.0860342979431,True,0.001,0.45654301714897155,2023
2023-02-27,1571.127323627472,True,0.001,0.7855636618137359,2023
2023-02-28,3465.5308628082275,True,0.001,1.7327654314041139,2023
2023-02-28,11570.917957305908,True,0.001,5.785458978652954,2023
2023-02-28,5906.587404727936,True,0.001,2.953293702363968,2023
2023-02-28,9682.676710510254,True,0.001,4.841338355255127,2023
2023-02-28,2866.1310533523556,True,0.001,1.4330655266761778,2023
2023-02-28,17483.998629570007,True,0.001,8.741999314785003,2023
2023-02-28,895.1040038108825,True,0.001,0.44755200190544125,2023
2023-02-28,770.2290038108825,True,0.001,0.3851145019054413,2023
2023-02-28,5544.304424285889,True,0.001,2.7721522121429443,2023
2023-02-28,1871.6978244781494,True,0.001,0.9358489122390747,2023
2023-03-01,742.0571973323822,True,0.001,0.3710285986661911,2023
2023-03-01,3648.348045730591,True,0.001,1.8241740228652954,2023
2023-03-01,786.2129885673523,True,0.001,0.39310649428367617,2023
2023-03-01,1163.7351167678833,True,0.001,0.5818675583839417,2023
2023-03-01,4947.147890853882,True,0.001,2.473573945426941,2023
2023-03-01,5677.188756179809,True,0.001,2.838594378089905,2023
2023-03-02,741.0582221031189,True,0.001,0.37052911105155945,2023
2023-03-02,3450.5460914611817,True,0.001,1.725273045730591,2023
2023-03-02,1037.1156852722168,True,0.001,0.5185578426361084,2023
2023-03-02,2921.0759771347048,True,0.001,1.4605379885673524,2023
2023-03-02,787.2120114326477,True,0.001,0.39360600571632387,2023
2023-03-02,5638.597853851318,True,0.001,2.819298926925659,2023
2023-03-03,2187.2105576992035,True,0.001,1.0936052788496018,2023
2023-03-03,3346.6500000000005,True,0.001,1.6733250000000004,2023
2023-03-03,3074.4610470771786,True,0.001,1.5372305235385892,2023
2023-03-03,1576.4219733238222,True,0.001,0.7882109866619111,2023
2023-03-03,2930.0669923782348,True,0.001,1.4650334961891174,2023
2023-03-03,1592.4059580802916,True,0.001,0.7962029790401458,2023
2023-03-03,3542.1543731689458,True,0.001,1.771077186584473,2023
2023-03-03,1915.2257251739502,True,0.001,0.9576128625869751,2023
2023-03-06,1810.3308013916017,True,0.001,0.9051654006958009,2023
2023-03-06,743.0562201976776,True,0.001,0.3715281100988388,2023
2023-03-06,1594.00443277359,True,0.001,0.797002216386795,2023
2023-03-06,443.8556839942932,True,0.001,0.2219278419971466,2023
2023-03-06,2934.063083839417,True,0.001,1.4670315419197084,2023
2023-03-06,802.196973323822,True,0.001,0.401098486661911,2023
2023-03-06,1169.7290634155272,True,0.001,0.5848645317077636,2023
2023-03-07,1793.9186639785767,True,0.001,0.8969593319892883,2023
2023-03-07,1310.4770562171936,True,0.001,0.6552385281085968,2023
2023-03-07,822.1769542694093,True,0.001,0.41108847713470464,2023
2023-03-07,809.1900381088257,True,0.001,0.40459501905441286,2023
2023-03-07,1164.7341396331788,True,0.001,0.5823670698165894,2023
2023-03-07,1950.1907632827758,True,0.001,0.975095381641388,2023
2023-03-08,1018.9799809455872,True,0.001,0.5094899904727936,2023
2023-03-08,736.0632030487061,True,0.001,0.36803160152435305,2023
2023-03-08,1317.297678565979,True,0.001,0.6586488392829895,2023
2023-03-08,809.1900381088257,True,0.001,0.40459501905441286,2023
2023-03-08,1564.2675444602967,True,0.001,0.7821337722301483,2023
2023-03-08,796.2029790401458,True,0.001,0.3981014895200729,2023
2023-03-08,1885.9691986083983,True,0.001,0.9429845993041992,2023
2023-03-09,735.0641801834106,True,0.001,0.3675320900917053,2023
2023-03-09,1629.968398475647,True,0.001,0.8149841992378235,2023
2023-03-09,971.028026676178,True,0.001,0.485514013338089,2023
2023-03-09,1346.8539310455321,True,0.001,0.673426965522766,2023
2023-03-09,451.8476763725281,True,0.001,0.22592383818626405,2023
2023-03-09,835.1639657020568,True,0.001,0.4175819828510284,2023
2023-03-09,1581.7499682426453,True,0.001,0.7908749841213226,2023
2023-03-09,1153.7450786590575,True,0.001,0.5768725393295288,2023
2023-03-10,30597.37235441208,True,0.001,15.29868617720604,2023
2023-03-10,25695.87874145508,True,0.001,12.84793937072754,2023
2023-03-10,829.1700190544128,True,0.001,0.4145850095272064,2023
2023-03-10,1149.74908246994,True,0.001,0.5748745412349701,2023
2023-03-13,23626.349237823488,True,0.001,11.813174618911743,2023
2023-03-13,10320.119989013672,True,0.001,5.160059994506836,2023
2023-03-13,8061.929695129395,True,0.001,4.0309648475646975,2023
2023-03-13,1892.391488456726,True,0.001,0.946195744228363,2023
2023-03-14,689.1101763725281,True,0.001,0.34455508818626407,2023
2023-03-14,954.1218083381652,True,0.001,0.47706090416908264,2023
2023-03-14,1771.4268350601194,True,0.001,0.8857134175300597,2023
2023-03-14,2999.997068595886,True,0.001,1.4999985342979432,2023
2023-03-14,805.1940419197083,True,0.001,0.40259702095985417,2023
2023-03-14,1108.7900977134705,True,0.001,0.5543950488567353,2023
2023-03-14,1913.7985496520996,True,0.001,0.9568992748260499,2023
2023-03-15,3283.712893295288,True,0.001,1.641856446647644,2023
2023-03-15,936.4472208023071,True,0.001,0.46822361040115357,2023
2023-03-15,1675.8224618911743,True,0.001,0.8379112309455872,2023
2023-03-15,5669.325,True,0.001,2.8346625,2023
2023-03-15,795.2040038108826,True,0.001,0.3976020019054413,2023
2023-03-15,1084.8141205787658,True,0.001,0.5424070602893829,2023
2023-03-15,10872.548574829103,True,0.001,5.436274287414552,2023
2023-03-16,948.7426523208619,True,0.001,0.474371326160431,2023
2023-03-16,448.850703048706,True,0.001,0.224425351524353,2023
2023-03-16,5660.048359107972,True,0.001,2.830024179553986,2023
2023-03-17,707.0922068595886,True,0.001,0.3535461034297943,2023
2023-03-17,3233.762893295288,True,0.001,1.616881446647644,2023
2023-03-17,936.4472208023071,True,0.001,0.46822361040115357,2023
2023-03-17,451.8476763725281,True,0.001,0.22592383818626405,2023
2023-03-17,2804.1929695129393,True,0.001,1.4020964847564696,2023
2023-03-17,1638.3599618911742,True,0.001,0.8191799809455871,2023
2023-03-17,5652.342182922363,True,0.001,2.8261710914611813,2023
2023-03-17,801.1980457305908,True,0.001,0.4005990228652954,2023
2023-03-17,1100.7981053352357,True,0.001,0.5503990526676179,2023
2023-03-17,10647.921437072753,True,0.001,5.323960718536377,2023
2023-03-17,1642.3345218658446,True,0.001,0.8211672609329224,2023
2023-03-17,4226.469220733642,True,0.001,2.113234610366821,2023
2023-03-20,698.1011916160584,True,0.001,0.3490505958080292,2023
2023-03-20,2764.233007621765,True,0.001,1.3821165038108825,2023
2023-03-20,794.2049809455871,True,0.001,0.39710249047279356,2023
2023-03-20,1922.0546361923218,True,0.001,0.9610273180961609,2023
2023-03-20,4076.6192207336426,True,0.001,2.0383096103668215,2023
2023-03-21,934.9102918624877,True,0.001,0.4674551459312439,2023
2023-03-21,447.8516801834107,True,0.001,0.22392584009170535,2023
2023-03-21,2820.176954269409,True,0.001,1.4100884771347046,2023
2023-03-21,5388.605862808227,True,0.001,2.694302931404114,2023
2023-03-21,786.2129885673523,True,0.001,0.39310649428367617,2023
2023-03-21,2111.8645980834963,True,0.001,1.0559322990417481,2023
2023-03-22,720.0792182922363,True,0.001,0.36003960914611816,2023
2023-03-22,955.6587372779846,True,0.001,0.47782936863899234,2023
2023-03-22,5636.357817077636,True,0.001,2.818178908538818,2023
2023-03-22,1112.786093902588,True,0.001,0.556393046951294,2023
2023-03-23,446.8527049541473,True,0.001,0.22342635247707368,2023
2023-03-24,715.0841992378234,True,0.001,0.3575420996189117,2023
2023-03-24,3254.742182922363,True,0.001,1.6273710914611816,2023
2023-03-24,956.4272017478944,True,0.001,0.4782136008739472,2023
2023-03-24,2937.059961891174,True,0.001,1.4685299809455872,2023
2023-03-24,5676.317969512939,True,0.001,2.8381589847564697,2023
2023-03-24,812.1870114326476,True,0.001,0.4060935057163238,2023
2023-03-24,1136.7620710372926,True,0.001,0.5683810355186463,2023
2023-03-24,29755.913382339477,True,0.001,14.87795669116974,2023
2023-03-24,4202.493434143066,True,0.001,2.101246717071533,2023
2023-03-27,36831.13279266357,True,0.001,18.415566396331787,2023
2023-03-27,1709.8883222579957,True,0.001,0.8549441611289978,2023
2023-03-27,963.3433819770813,True,0.001,0.4816716909885407,2023
2023-03-27,487.3121782779694,True,0.001,0.2436560891389847,2023
2023-03-27,437.8616897106171,True,0.001,0.21893084485530856,2023
2023-03-27,814.1849618911743,True,0.001,0.4070924809455872,2023
2023-03-27,1131.767147254944,True,0.001,0.565883573627472,2023
2023-03-27,3589.3578701019287,True,0.001,1.7946789350509644,2023
2023-03-28,719.0801954269409,True,0.001,0.35954009771347045,2023
2023-03-28,15667.717135047911,True,0.001,7.833858567523956,2023
2023-03-28,950.2795812606811,True,0.001,0.47513979063034056,2023
2023-03-28,484.3152049541473,True,0.001,0.24215760247707366,2023
2023-03-28,433.8656935214996,True,0.001,0.2169328467607498,2023
2023-03-28,2920.0769542694093,True,0.001,1.4600384771347046,2023
2023-03-28,803.1959961891173,True,0.001,0.40159799809455865,2023
2023-03-29,714.085176372528,True,0.001,0.35704258818626405,2023
2023-03-29,945.6687944412231,True,0.001,0.47283439722061155,2023
2023-03-29,1092.8061129570008,True,0.001,0.5464030564785004,2023
2023-03-29,34834.451358032224,True,0.001,17.417225679016113,2023
2023-03-29,4323.372342681885,True,0.001,2.1616861713409428,2023
2023-03-30,1237.9274745941161,True,0.001,0.6189637372970581,2023
2023-03-30,1644.3539085388186,True,0.001,0.8221769542694093,2023
2023-03-30,4356.339144515991,True,0.001,2.1781695722579957,2023
2023-03-31,718.0812201976776,True,0.001,0.3590406100988388,2023
2023-03-31,939.5210786819458,True,0.001,0.46976053934097295,2023
2023-03-31,1230.4349936485291,True,0.001,0.6152174968242646,2023
2023-04-03,738.0612011432648,True,0.001,0.36903060057163245,2023
2023-04-03,15949.434008932114,True,0.001,7.974717004466057,2023
2023-04-03,4243.352573776245,True,0.001,2.1216762868881225,2023
2023-04-03,4327.368434143066,True,0.001,2.163684217071533,2023
2023-04-04,720.0792182922363,True,0.001,0.36003960914611816,2023
2023-04-04,951.0480457305908,True,0.001,0.47552402286529544,2023
2023-04-04,769.8293851375579,True,0.001,0.38491469256877897,2023
2023-04-04,1242.922493648529,True,0.001,0.6214612468242645,2023
2023-04-06,3324.6718780517576,True,0.001,1.662335939025879,2023
2023-04-06,4740.754682922363,True,0.001,2.3703773414611815,2023
2023-04-07,680.1192087650298,True,0.001,0.3400596043825149,2023
2023-04-07,3445.5511676788333,True,0.001,1.7227755838394168,2023
2023-04-07,915.6987753868103,True,0.001,0.45784938769340516,2023
2023-04-07,1100.0988083839416,True,0.001,0.5500494041919708,2023
2023-04-07,4967.527347564697,True,0.001,2.4837636737823487,2023
2023-04-10,687.1121782779694,True,0.001,0.3435560891389847,2023
2023-04-10,3484.5121067047116,True,0.001,1.742256053352356,2023
2023-04-10,3777.9184341430664,True,0.001,1.8889592170715332,2023
2023-04-10,376.92270019054416,True,0.001,0.1884613500952721,2023
2023-04-10,1120.078789329529,True,0.001,0.5600393946647645,2023
2023-04-10,1234.5975254058837,True,0.001,0.6172987627029419,2023
2023-04-10,5120.374606704712,True,0.001,2.560187303352356,2023
2023-04-10,1041.9570304870606,True,0.001,0.5209785152435303,2023
2023-04-11,3413.5828170776363,True,0.001,1.7067914085388183,2023
2023-04-11,1100.0988083839416,True,0.001,0.5500494041919708,2023
2023-04-11,1195.4699555397033,True,0.001,0.5977349777698516,2023
2023-04-11,1112.886034297943,True,0.001,0.5564430171489716,2023
2023-04-12,3402.5941371917725,True,0.001,1.7012970685958864,2023
2023-04-12,757.8413965702057,True,0.001,0.37892069828510283,2023
2023-04-12,1105.7896945953369,True,0.001,0.5528948472976685,2023
2023-04-12,4921.5734390258785,True,0.001,2.460786719512939,2023
2023-04-13,3371.625,True,0.001,1.6858125,2023
2023-04-13,3637.0594493865965,True,0.001,1.8185297246932983,2023
2023-04-13,1180.484993648529,True,0.001,0.5902424968242646,2023
2023-04-14,6649.343756103515,True,0.001,3.324671878051758,2023
2023-04-14,3666.0301597595217,True,0.001,1.8330150798797609,2023
2023-04-14,910.3195240974426,True,0.001,0.4551597620487213,2023
2023-04-14,8314.277383232116,True,0.001,4.157138691616058,2023
2023-04-14,6420.7727359771725,True,0.001,3.2103863679885865,2023
2023-04-14,31311.158185958862,True,0.001,15.655579092979432,2023
2023-04-14,5384.265458106995,True,0.001,2.6921327290534975,2023
2023-04-14,4859.635545730591,True,0.001,2.4298177728652957,2023
2023-04-14,7524.468160057068,True,0.001,3.7622340800285343,2023
2023-04-17,3771.924296951294,True,0.001,1.885962148475647,2023
2023-04-17,378.92069828510284,True,0.001,0.18946034914255142,2023
2023-04-17,1078.1207817077636,True,0.001,0.5390603908538818,2023
2023-04-17,1085.1207060813904,True,0.001,0.5425603530406952,2023
2023-04-17,536.4629885673523,True,0.001,0.26823149428367615,2023
2023-04-17,835.1639657020568,True,0.001,0.4175819828510284,2023
2023-04-17,4900.594530487061,True,0.001,2.4502972652435306,2023
2023-04-18,3783.912190246582,True,0.001,1.8919560951232912,2023
2023-04-18,1094.077232837677,True,0.001,0.5470386164188386,2023
2023-04-18,829.1700190544128,True,0.001,0.4145850095272064,2023
2023-04-20,3234.762106704712,True,0.001,1.617381053352356,2023
2023-04-20,393.90570781230923,True,0.001,0.1969528539061546,2023
2023-04-20,790.2089847564698,True,0.001,0.3951044923782349,2023
2023-04-21,3632.0641445159913,True,0.001,1.8160320722579957,2023
2023-04-21,971.7964911460876,True,0.001,0.48589824557304384,2023
2023-04-21,399.8996782779694,True,0.001,0.1999498391389847,2023
2023-04-21,1043.155838871002,True,0.001,0.521577919435501,2023
2023-04-21,1071.341412162781,True,0.001,0.5356707060813904,2023
2023-04-21,809.1900381088257,True,0.001,0.40459501905441286,2023
2023-04-21,1046.9519542694093,True,0.001,0.5234759771347046,2023
2023-04-24,998.2007626533509,True,0.001,0.49910038132667545,2023
2023-04-24,40121.139644336705,True,0.001,20.060569822168354,2023
2023-04-25,3169.8269542694093,True,0.001,1.5849134771347047,2023
2023-04-25,7408.284520840644,True,0.001,3.7041422604203222,2023
2023-04-25,3952.843279266357,True,0.001,1.9764216396331786,2023
2023-04-25,4147.572518920899,True,0.001,2.0737862594604493,2023
2023-04-25,15674.310057163239,True,0.001,7.83715502858162,2023
2023-04-25,8747.244041919708,True,0.001,4.373622020959854,2023
2023-04-25,6119.874022865296,True,0.001,3.059937011432648,2023
2023-04-26,1070.4669098854065,True,0.001,0.5352334549427032,2023
2023-04-26,953.7074701309203,True,0.001,0.4768537350654602,2023
2023-04-26,1399.5990228652954,True,0.001,0.6997995114326477,2023
2023-04-26,23406.569828510284,True,0.001,11.703284914255143,2023
2023-04-26,974.025,True,0.001,0.4870125,2023
2023-04-27,1061.0068702697754,True,0.001,0.5305034351348877,2023
2023-04-27,508.4910152435302,True,0.001,0.2542455076217651,2023
2023-04-27,6821.171878051757,True,0.001,3.4105859390258786,2023
2023-04-28,19780.2,True,0.001,9.8901,2023
2023-04-28,3260.7359390258785,True,0.001,1.6303679695129392,2023
2023-04-28,19360.619352149963,True,0.001,9.680309676074982,2023
2023-04-28,23034.94103965759,True,0.001,11.517470519828796,2023
2023-04-28,1012.6054224014283,True,0.001,0.5063027112007141,2023
2023-04-28,1512.4860342979432,True,0.001,0.7562430171489716,2023
2023-04-28,809.7893946647645,True,0.001,0.40489469733238226,2023
2023-04-28,985.2138464927673,True,0.001,0.49260692324638367,2023
2023-04-28,1208.4455343246461,True,0.001,0.604222767162323,2023
2023-04-28,12697.289847564698,True,0.001,6.3486449237823495,2023
2023-05-04,1023.9319370269776,True,0.001,0.5119659685134889,2023
2023-05-04,18041.940228652955,True,0.001,9.020970114326477,2023
2023-05-04,1348.9945037841796,True,0.001,0.6744972518920899,2023
2023-05-04,1006.9919923782348,True,0.001,0.5034959961891174,2023
2023-05-05,1010.3401385307311,True,0.001,0.5051700692653656,2023
2023-05-05,449.84967827796936,True,0.001,0.22492483913898467,2023
2023-05-05,996.2028121948242,True,0.001,0.4981014060974121,2023
2023-05-05,1068.9299809455872,True,0.001,0.5344649904727936,2023
2023-05-05,999.0,True,0.001,0.4995,2023
2023-05-08,987.2339953422546,True,0.001,0.4936169976711273,2023
2023-05-08,1280.7868512153625,True,0.001,0.6403934256076813,2023
2023-05-08,3712.2839847564696,True,0.001,1.856141992378235,2023
2023-05-08,953.0459961891175,True,0.001,0.4765229980945588,2023
2023-05-09,459.8397163867951,True,0.001,0.22991985819339755,2023
2023-05-09,1256.6731106758118,True,0.001,0.6283365553379059,2023
2023-05-09,940.0589847564697,True,0.001,0.4700294923782349,2023
2023-05-10,958.2380378723144,True,0.001,0.4791190189361572,2023
2023-05-10,446.8527049541473,True,0.001,0.22342635247707368,2023
2023-05-10,935.0639657020569,True,0.001,0.4675319828510284,2023
2023-05-11,1052.4747805595398,True,0.001,0.5262373902797699,2023
2023-05-11,446.8527049541473,True,0.001,0.22342635247707368,2023
2023-05-11,1021.1778121948242,True,0.001,0.5105889060974121,2023
2023-05-11,1296.6330725669861,True,0.001,0.6483165362834931,2023
2023-05-11,534.4649904727936,True,0.001,0.2672324952363968,2023
2023-05-12,1065.1605417251585,True,0.001,0.5325802708625793,2023
2023-05-15,19128.75239496231,True,0.001,9.564376197481156,2023
2023-05-15,1002.1967588424683,True,0.001,0.5010983794212341,2023
2023-05-15,1299.3890075683594,True,0.001,0.6496945037841797,2023
2023-05-15,511.4879885673523,True,0.001,0.25574399428367617,2023
2023-05-16,5278.231461524963,True,0.001,2.639115730762482,2023
2023-05-16,2028.3696853637696,True,0.001,1.014184842681885,2023
2023-05-16,22710.370076751708,True,0.001,11.355185038375854,2023
2023-05-16,12299.688274383545,True,0.001,6.1498441371917725,2023
2023-05-16,26650.323426818846,True,0.001,13.325161713409424,2023
2023-05-16,2751.246091461182,True,0.001,1.3756230457305911,2023
2023-05-17,1054.7401597023008,True,0.001,0.5273700798511505,2023
2023-05-17,1311.7903816223145,True,0.001,0.6558951908111572,2023
2023-05-17,1494.5040038108825,True,0.001,0.7472520019054413,2023
2023-05-17,3683.312893295288,True,0.001,1.8416564466476442,2023
2023-05-18,716.2830076217651,True,0.001,0.35814150381088256,2023
2023-05-18,909.0900381088258,True,0.001,0.45454501905441286,2023
2023-05-23,987.2117969512939,True,0.001,0.49360589847564695,2023
2023-05-23,1354.5061832427978,True,0.001,0.6772530916213989,2023
2023-05-23,27002.96949505806,True,0.001,13.50148474752903,2023
2023-05-24,57062.87893295288,True,0.001,28.531439466476442,2023
2023-05-25,1358.6400381088258,True,0.001,0.679320019054413,2023
2023-05-25,3426.5699237823483,True,0.001,1.713284961891174,2023
2023-05-26,2186.500733184814,True,0.001,1.0932503665924072,2023
2023-05-26,977.2217588424683,True,0.001,0.48861087942123416,2023
2023-05-26,8135.3046186447145,True,0.001,4.067652309322358,2023
2023-05-26,8931.059771347047,True,0.001,4.465529885673524,2023
2023-05-26,6739.253908538818,True,0.001,3.369626954269409,2023
2023-05-26,905.0940419197083,True,0.001,0.45254702095985416,2023
2023-05-29,624.375,True,0.001,0.3121875,2023
2023-05-29,981.2177550315857,True,0.001,0.4906088775157929,2023
2023-05-29,1397.2220801353455,True,0.001,0.6986110400676728,2023
2023-05-29,920.0790038108826,True,0.001,0.4600395019054413,2023
2023-05-30,958.2408007621766,True,0.001,0.47912040038108833,2023
2023-05-30,1360.0179579734804,True,0.001,0.6800089789867402,2023
2023-05-30,1461.5370114326477,True,0.001,0.7307685057163238,2023
2023-05-31,921.0780266761781,True,0.001,0.46053901333808905,2023
2023-06-01,615.3839847564698,True,0.001,0.3076919923782349,2023
2023-06-02,621.3779790401459,True,0.001,0.31068898952007296,2023
2023-06-02,1416.5131487846375,True,0.001,0.7082565743923187,2023
2023-06-02,3218.7781219482426,True,0.001,1.6093890609741213,2023
2023-06-02,927.071973323822,True,0.001,0.46353598666191104,2023
2023-06-05,1345.6053906440734,True,0.001,0.6728026953220367,2023
2023-06-05,1448.2054962158204,True,0.001,0.7241027481079102,2023
2023-06-05,1471.526954269409,True,0.001,0.7357634771347046,2023
2023-06-06,13846.139799928666,True,0.001,6.923069899964333,2023
2023-06-06,2566.1660064697267,True,0.001,1.2830830032348635,2023
2023-06-06,7199.689885139465,True,0.001,3.5998449425697325,2023
2023-06-06,8871.120114326477,True,0.001,4.435560057163238,2023
2023-06-06,6345.648045730591,True,0.001,3.1728240228652953,2023
2023-06-06,10566.682566833497,True,0.001,5.283341283416749,2023
2023-06-07,3224.771878051758,True,0.001,1.612385939025879,2023
2023-06-07,10827.354556274415,True,0.001,5.413677278137207,2023
2023-06-08,1597.4009771347046,True,0.001,0.7987004885673523,2023
2023-06-08,622.3770019054414,True,0.001,0.3111885009527207,2023
2023-06-08,1293.0503665924073,True,0.001,0.6465251832962037,2023
2023-06-09,1551.446973323822,True,0.001,0.775723486661911,2023
2023-06-09,614.1851763725281,True,0.001,0.30709258818626406,2023
2023-06-09,1426.571973323822,True,0.001,0.713285986661911,2023
2023-06-09,3105.89101524353,True,0.001,1.552945507621765,2023
2023-06-12,1529.4690419197084,True,0.001,0.7647345209598542,2023
2023-06-12,1252.7278944969178,True,0.001,0.6263639472484589,2023
2023-06-12,1578.420019054413,True,0.001,0.7892100095272064,2023
2023-06-13,621.3779790401459,True,0.001,0.31068898952007296,2023
2023-06-13,1338.8095390319825,True,0.001,0.6694047695159913,2023
2023-06-13,1548.45,True,0.001,0.774225,2023
2023-06-14,1485.4096183776855,True,0.001,0.7427048091888427,2023
2023-06-14,1592.4059580802916,True,0.001,0.7962029790401458,2023
2023-06-14,9815.97604751587,True,0.001,4.907988023757935,2023
2023-06-15,644.3549809455872,True,0.001,0.3221774904727936,2023
2023-06-15,1292.3063870429992,True,0.001,0.6461531935214996,2023
2023-06-15,1466.807557296753,True,0.001,0.7334037786483765,2023
2023-06-15,3241.755076217651,True,0.001,1.6208775381088256,2023
2023-06-16,3060.9359390258787,True,0.001,1.5304679695129393,2023
2023-06-16,3276.7199714183807,True,0.001,1.6383599857091904,2023
2023-06-16,1869.5285748481751,True,0.001,0.9347642874240876,2023
2023-06-16,1538.4599618911743,True,0.001,0.7692299809455871,2023
2023-06-16,30882.08786888123,True,0.001,15.441043934440616,2023
2023-06-16,3276.7199237823484,True,0.001,1.6383599618911742,2023
2023-06-16,10026.770443725585,True,0.001,5.013385221862793,2023
2023-06-19,1564.4339847564697,True,0.001,0.7822169923782348,2023
2023-06-19,1692.6450313568114,True,0.001,0.8463225156784057,2023
2023-06-19,1500.566927433014,True,0.001,0.750283463716507,2023
2023-06-19,3926.3077228546144,True,0.001,1.9631538614273072,2023
2023-06-20,1734.439933204651,True,0.001,0.8672199666023255,2023
2023-06-20,1501.9448472976685,True,0.001,0.7509724236488343,2023
2023-06-20,3978.117814636231,True,0.001,1.9890589073181155,2023
2023-06-21,1578.420019054413,True,0.001,0.7892100095272064,2023
2023-06-21,683.3160152435303,True,0.001,0.3416580076217651,2023
2023-06-21,1535.0152098655701,True,0.001,0.767507604932785,2023
2023-06-26,1725.8585878372191,True,0.001,0.8629292939186096,2023
2023-06-27,3054.9419923782348,True,0.001,1.5274709961891175,2023
2023-06-27,3421.574952363968,True,0.001,1.710787476181984,2023
2023-06-27,3231.3627994537355,True,0.001,1.6156813997268678,2023
2023-06-27,2224.9727359771728,True,0.001,1.1124863679885864,2023
2023-06-27,1647.316488647461,True,0.001,0.8236582443237306,2023
2023-06-27,2939.0580076217652,True,0.001,1.4695290038108826,2023
2023-06-27,9679.086859130859,True,0.001,4.839543429565429,2023
2023-06-28,1593.254832172394,True,0.001,0.7966274160861969,2023
2023-06-28,1672.8082443237306,True,0.001,0.8364041221618653,2023
2023-06-29,1558.4400381088255,True,0.001,0.7792200190544127,2023
2023-06-29,1533.110911846161,True,0.001,0.7665554559230805,2023
2023-06-30,3525.570936584473,True,0.001,1.7627854682922366,2023
2023-06-30,3009.9869161605834,True,0.001,1.5049934580802917,2023
2023-07-03,1581.416992378235,True,0.001,0.7907084961891174,2023
2023-07-03,51632.31544361115,True,0.001,25.816157721805578,2023
2023-07-03,39754.867432022096,True,0.001,19.877433716011048,2023
2023-07-03,1654.8951908111571,True,0.001,0.8274475954055786,2023
2023-07-03,3669.4267993927,True,0.001,1.83471339969635,2023
2023-07-04,1608.3900381088256,True,0.001,0.8041950190544128,2023
2023-07-04,551.2482125759125,True,0.001,0.27562410628795625,2023
2023-07-04,3771.3248451232907,True,0.001,1.8856624225616454,2023
2023-07-05,546.2531935214996,True,0.001,0.2731265967607498,2023
2023-07-05,1682.4537786483763,True,0.001,0.8412268893241882,2023
2023-07-05,3788.3080432891843,True,0.001,1.8941540216445922,2023
2023-07-06,1661.7848854064941,True,0.001,0.8308924427032471,2023
2023-07-06,3687.408829879761,True,0.001,1.8437044149398805,2023
2023-07-06,3009.9869161605834,True,0.001,1.5049934580802917,2023
2023-07-07,1602.3960914611816,True,0.001,0.8011980457305908,2023
2023-07-07,3718.377967071533,True,0.001,1.8591889835357664,2023
2023-07-10,4996.998045730591,True,0.001,2.4984990228652957,2023
2023-07-10,1623.375,True,0.001,0.8116875,2023
2023-07-10,537.2621782779693,True,0.001,0.26863108913898465,2023
2023-07-10,1672.1192367553713,True,0.001,0.8360596183776856,2023
2023-07-10,3534.561951828003,True,0.001,1.7672809759140016,2023
2023-07-10,846.153026676178,True,0.001,0.423076513338089,2023
2023-07-11,4909.085939025879,True,0.001,2.4545429695129397,2023
2023-07-11,1665.9185497283936,True,0.001,0.8329592748641969,2023
2023-07-11,3567.528753662109,True,0.001,1.7837643768310545,2023
2023-07-11,846.153026676178,True,0.001,0.423076513338089,2023
2023-07-12,4917.078121948242,True,0.001,2.4585390609741213,2023
2023-07-12,1378.620019054413,True,0.001,0.6893100095272066,2023
2023-07-13,4943.051954269409,True,0.001,2.4715259771347045,2023
2023-07-13,1457.5410152435304,True,0.001,0.7287705076217652,2023
2023-07-14,873.1259771347046,True,0.001,0.4365629885673523,2023
2023-07-17,3555.540860366821,True,0.001,1.7777704301834105,2023
2023-07-17,875.1240228652954,True,0.001,0.4375620114326477,2023
2023-07-18,4960.035152435303,True,0.001,2.4800175762176515,2023
2023-07-18,1428.5700190544128,True,0.001,0.7142850095272064,2023
2023-07-18,3487.6088298797604,True,0.001,1.7438044149398801,2023
2023-07-19,1404.5940419197082,True,0.001,0.7022970209598541,2023
2023-07-19,546.2531935214996,True,0.001,0.2731265967607498,2023
2023-07-19,3672.3238323211667,True,0.001,1.8361619161605833,2023
2023-07-20,1687.6687808990478,True,0.001,0.8438343904495239,2023
2023-07-20,548.2511916160583,True,0.001,0.2741255958080292,2023
2023-07-20,1676.9420991897582,True,0.001,0.8384710495948792,2023
2023-07-20,3423.6728908538817,True,0.001,1.7118364454269408,2023
2023-07-20,1422.0193977355957,True,0.001,0.7110096988677979,2023
2023-07-20,1834.1640609741212,True,0.001,0.9170820304870606,2023
2023-07-21,1659.6969028472902,True,0.001,0.829848451423645,2023
2023-07-21,1475.537241268158,True,0.001,0.737768620634079,2023
2023-07-21,912.0870114326477,True,0.001,0.45604350571632385,2023
2023-07-24,1451.546973323822,True,0.001,0.725773486661911,2023
2023-07-24,1661.6947580337524,True,0.001,0.8308473790168762,2023
2023-07-24,544.2551954269409,True,0.001,0.27212759771347045,2023
2023-07-24,1629.4034351348878,True,0.001,0.8147017175674439,2023
2023-07-25,551.2482125759125,True,0.001,0.27562410628795625,2023
2023-07-25,1634.2262975692747,True,0.001,0.8171131487846374,2023
2023-07-25,3445.651012802124,True,0.001,1.722825506401062,2023
2023-07-25,1417.7379664421082,True,0.001,0.7088689832210542,2023
2023-07-25,939.0599618911743,True,0.001,0.4695299809455872,2023
2023-07-26,35800.235896110535,True,0.001,17.900117948055268,2023
2023-07-27,1409.5889657020568,True,0.001,0.7047944828510284,2023
2023-07-27,3458.637738418579,True,0.001,1.7293188692092896,2023
2023-07-28,1389.6089847564697,True,0.001,0.6948044923782348,2023
2023-07-28,3277.435607528687,True,0.001,1.6387178037643435,2023
2023-07-28,1618.3800285816194,True,0.001,0.8091900142908097,2023
2023-07-28,1523.9917556762696,True,0.001,0.7619958778381348,2023
2023-07-28,3334.7619518280026,True,0.001,1.6673809759140013,2023
2023-07-28,2841.1558628082275,True,0.001,1.4205779314041138,2023
2023-07-31,746.2529790401459,True,0.001,0.37312648952007293,2023
2023-07-31,1454.5440419197082,True,0.001,0.7272720209598541,2023
2023-07-31,1652.7039333343505,True,0.001,0.8263519666671753,2023
2023-07-31,3461.634997558594,True,0.001,1.730817498779297,2023
2023-08-01,745.2540038108825,True,0.001,0.3726270019054413,2023
2023-08-01,3872.224058532715,True,0.001,1.9361120292663576,2023
2023-08-01,946.053026676178,True,0.001,0.473026513338089,2023
2023-08-02,1435.5629885673522,True,0.001,0.7177814942836761,2023
2023-08-02,1637.7187808990477,True,0.001,0.8188593904495238,2023
2023-08-02,827.1719733238219,True,0.001,0.413585986661911,2023
2023-08-02,950.0490228652953,True,0.001,0.4750245114326477,2023
2023-08-03,862.1370114326478,True,0.001,0.4310685057163239,2023
2023-08-03,942.0570304870605,True,0.001,0.4710285152435303,2023
2023-08-04,730.2689942836762,True,0.001,0.3651344971418381,2023
2023-08-04,1627.7289333343508,True,0.001,0.8138644666671754,2023
2023-08-04,537.4620114326477,True,0.001,0.26873100571632386,2023
2023-08-04,1537.0820420265197,True,0.001,0.7685410210132598,2023
2023-08-07,732.2669923782348,True,0.001,0.3661334961891174,2023
2023-08-07,1437.5610342979433,True,0.001,0.7187805171489716,2023
2023-08-07,1603.7527656555178,True,0.001,0.801876382827759,2023
2023-08-07,22783.193279743195,True,0.001,11.391596639871597,2023
2023-08-08,13288.6977599144,True,0.001,6.6443488799571995,2023
2023-08-08,1417.5809580802918,True,0.001,0.7087904790401459,2023
2023-08-08,12694.158826446534,True,0.001,6.347079413223267,2023
2023-08-08,1540.5268893241882,True,0.001,0.7702634446620942,2023
2023-08-08,14537.44871263504,True,0.001,7.26872435631752,2023
2023-08-08,7836.3559341430655,True,0.001,3.9181779670715327,2023
2023-08-08,17633.348927593233,True,0.001,8.816674463796616,2023
2023-08-09,1595.760868549347,True,0.001,0.7978804342746735,2023
2023-08-09,15512.871258544923,True,0.001,7.756435629272461,2023
2023-08-09,5794.913397216797,True,0.001,2.8974566986083987,2023
2023-08-09,937.0620114326478,True,0.001,0.4685310057163239,2023
2023-08-10,725.2740228652955,True,0.001,0.36263701143264776,2023
2023-08-10,3204.7921829223633,True,0.001,1.6023960914611817,2023
2023-08-10,6040.382251739502,True,0.001,3.020191125869751,2023
2023-08-10,954.0450190544128,True,0.001,0.47702250952720643,2023
2023-08-11,3248.7480457305905,True,0.001,1.6243740228652952,2023
2023-08-11,943.0559580802917,True,0.001,0.4715279790401459,2023
2023-08-14,3186.809961891174,True,0.001,1.5934049809455872,2023
2023-08-15,1571.784796142578,True,0.001,0.785892398071289,2023
2023-08-15,3289.7070304870604,True,0.001,1.6448535152435302,2023
2023-08-16,3339.6570304870606,True,0.001,1.6698285152435304,2023
2023-08-17,28867.104480171205,True,0.001,14.433552240085604,2023
2023-08-17,24589.117652893066,True,0.001,12.294558826446533,2023
2023-08-17,32439.52831249237,True,0.001,16.219764156246185,2023
2023-08-17,46097.85471954345,True,0.001,23.048927359771724,2023
2023-08-17,47923.45801391601,True,0.001,23.961729006958006,2023
2023-08-17,38747.21415624619,True,0.001,19.373607078123097,2023
2023-08-21,40429.53121948242,True,0.001,20.21476560974121,2023
2023-08-21,49460.75851478577,True,0.001,24.730379257392883,2023
2023-09-06,22045.392218971254,False,0.0005,0.0,2023
2023-09-06,22873.104670715333,False,0.0005,0.0,2023
2023-09-06,23028.946902465817,False,0.0005,0.0,2023
2023-09-06,9382.607817077636,False,0.0005,0.0,2023
2023-09-06,24630.045769500735,False,0.0005,0.0,2023
2023-09-06,23350.912364959717,False,0.0005,0.0,2023
2023-11-17,17802.179314041136,False,0.0005,0.0,2023
2023-11-17,41363.59473323822,False,0.0005,0.0,2023
2023-11-17,18709.202138900757,False,0.0005,0.0,2023
2023-11-17,16441.341539955138,False,0.0005,0.0,2023
2023-11-17,16082.901453495024,False,0.0005,0.0,2023
2023-11-17,17980.800715255737,False,0.0005,0.0,2023
2024-02-26,1000.4271755218506,False,0.0005,0.0,2024
2024-02-27,1574.923534297943,False,0.0005,0.0,2024
2024-02-28,933.0660152435304,False,0.0005,0.0,2024
2024-02-28,1639.8585914611817,False,0.0005,0.0,2024
2024-02-28,3911.976517868042,False,0.0005,0.0,2024
2024-02-28,5075.886363601685,False,0.0005,0.0,2024
2024-02-28,3275.9207817077636,False,0.0005,0.0,2024
2024-03-01,1542.9554695129395,False,0.0005,0.0,2024
2024-03-01,984.7285305976868,False,0.0005,0.0,2024
2024-03-01,4974.987531280517,False,0.0005,0.0,2024
2024-03-04,1003.9950190544129,False,0.0005,0.0,2024
2024-03-04,18491.72078704834,False,0.0005,0.0,2024
2024-03-04,9822.103184509277,False,0.0005,0.0,2024
2024-03-04,18043.138370132445,False,0.0005,0.0,2024
2024-03-06,1341.6570304870606,False,0.0005,0.0,2024
2024-03-06,1530.9674809455873,False,0.0005,0.0,2024
2024-03-07,950.5485342979432,False,0.0005,0.0,2024
2024-03-07,529.4700190544129,False,0.0005,0.0,2024
2024-03-07,1336.6620114326477,False,0.0005,0.0,2024
2024-03-07,1555.942480945587,False,0.0005,0.0,2024
2024-03-07,683.5623411655426,False,0.0005,0.0,2024
2024-03-07,1504.6477157592774,False,0.0005,0.0,2024
2024-03-07,928.4288380622863,False,0.0005,0.0,2024
2024-03-07,1028.970019054413,False,0.0005,0.0,2024
2024-03-08,959.5394542694091,False,0.0005,0.0,2024
2024-03-08,878.1209961891174,False,0.0005,0.0,2024
2024-03-08,533.4660152435303,False,0.0005,0.0,2024
2024-03-08,1516.9815419197082,False,0.0005,0.0,2024
2024-03-08,911.4458304405213,False,0.0005,0.0,2024
2024-03-08,18328.795077323914,False,0.0005,0.0,2024
2024-03-11,969.5294923782349,False,0.0005,0.0,2024
2024-03-11,12095.892182922362,False,0.0005,0.0,2024
2024-03-11,680.8253653049469,False,0.0005,0.0,2024
2024-03-11,1505.4161802291871,False,0.0005,0.0,2024
2024-03-11,925.4318647384644,False,0.0005,0.0,2024
2024-03-12,958.540526676178,False,0.0005,0.0,2024
2024-03-12,1699.0684644699097,False,0.0005,0.0,2024
2024-03-12,955.4018837928772,False,0.0005,0.0,2024
2024-03-13,988.368876171112,False,0.0005,0.0,2024
2024-03-14,1955.0429695129396,False,0.0005,0.0,2024
2024-03-14,947.0519542694092,False,0.0005,0.0,2024
2024-03-15,8725.765431404114,False,0.0005,0.0,2024
2024-03-15,6391.602240085602,False,0.0005,0.0,2024
2024-03-15,8679.311725616455,False,0.0005,0.0,2024
2024-03-15,9468.521973323821,False,0.0005,0.0,2024
2024-03-15,9126.480686187744,False,0.0005,0.0,2024
2024-03-15,10178.272842407227,False,0.0005,0.0,2024
2024-03-15,7835.022887420653,False,0.0005,0.0,2024
2024-03-18,1048.4504885673523,False,0.0005,0.0,2024
2024-03-18,1079.9190419197082,False,0.0005,0.0,2024
2024-03-18,550.4490228652954,False,0.0005,0.0,2024
2024-03-18,1368.629980945587,False,0.0005,0.0,2024
2024-03-18,2260.7369161605834,False,0.0005,0.0,2024
2024-03-18,728.038341808319,False,0.0005,0.0,2024
2024-03-18,2295.7019542694093,False,0.0005,0.0,2024
2024-03-18,2390.683819770813,False,0.0005,0.0,2024
2024-03-18,1004.3528609275818,False,0.0005,0.0,2024
2024-03-18,3313.5197113037107,False,0.0005,0.0,2024
2024-03-19,1161.8370114326478,False,0.0005,0.0,2024
2024-03-19,2419.5779314041138,False,0.0005,0.0,2024
2024-03-19,30348.082232666016,False,0.0005,0.0,2024
2024-03-19,1025.3318647384644,False,0.0005,0.0,2024
2024-03-19,3348.178926086426,False,0.0005,0.0,2024
2024-03-20,558.4410152435303,False,0.0005,0.0,2024
2024-03-20,2271.7259771347044,False,0.0005,0.0,2024
2024-03-20,1061.2958304405213,False,0.0005,0.0,2024
2024-03-21,1104.3945304870606,False,0.0005,0.0,2024
2024-03-21,1131.8669923782347,False,0.0005,0.0,2024
2024-03-21,928.0709961891174,False,0.0005,0.0,2024
2024-03-21,566.4330076217651,False,0.0005,0.0,2024
2024-03-21,1377.6209961891175,False,0.0005,0.0,2024
2024-03-21,2269.7279314041134,False,0.0005,0.0,2024
2024-03-21,747.1972681045532,False,0.0005,0.0,2024
2024-03-21,2409.5880838394164,False,0.0005,0.0,2024
2024-03-21,3276.312159347534,False,0.0005,0.0,2024
2024-03-22,1123.875,False,0.0005,0.0,2024
2024-03-26,6212.7808628082275,False,0.0005,0.0,2024
2024-03-26,4275.719923782349,False,0.0005,0.0,2024
2024-03-26,4285.709961891174,False,0.0005,0.0,2024
2024-03-26,5584.410152435303,False,0.0005,0.0,2024
2024-03-26,5198.796091461182,False,0.0005,0.0,2024
2024-03-26,5406.126776504517,False,0.0005,0.0,2024
2024-03-26,4335.660152435303,False,0.0005,0.0,2024
2024-03-26,6386.073364019394,False,0.0005,0.0,2024
2024-03-26,4381.6140609741215,False,0.0005,0.0,2024
2024-03-26,17827.884860229493,False,0.0005,0.0,2024
2024-03-26,12897.089847564697,False,0.0005,0.0,2024
2024-03-26,5904.2937297821045,False,0.0005,0.0,2024
2024-03-27,14650.33553352356,False,0.0005,0.0,2024
2024-03-27,1313.6849618911742,False,0.0005,0.0,2024
2024-03-27,2191.806053352356,False,0.0005,0.0,2024
2024-03-27,15475.604780817033,False,0.0005,0.0,2024
2024-03-27,1397.6009771347046,False,0.0005,0.0,2024
2024-03-27,2563.4339847564697,False,0.0005,0.0,2024
2024-03-27,3002.096864891052,False,0.0005,0.0,2024
2024-03-28,1238.7599618911743,False,0.0005,0.0,2024
2024-03-28,2125.8720685958865,False,0.0005,0.0,2024
2024-03-28,2054.9429695129393,False,0.0005,0.0,2024
2024-03-28,1393.6049809455872,False,0.0005,0.0,2024
2024-03-28,9718.271878051757,False,0.0005,0.0,2024
2024-03-28,7034.386946868896,False,0.0005,0.0,2024
2024-03-29,1083.9150381088257,False,0.0005,0.0,2024
2024-03-29,1319.6790038108827,False,0.0005,0.0,2024
2024-03-29,1521.4769542694091,False,0.0005,0.0,2024
2024-03-29,2746.8658630371096,False,0.0005,0.0,2024
2024-03-29,2150.8470685958864,False,0.0005,0.0,2024
2024-03-29,2998.891341018677,False,0.0005,0.0,2024
2024-03-29,1475.5230457305909,False,0.0005,0.0,2024
2024-03-29,658.6406935214997,False,0.0005,0.0,2024
2024-03-29,6940.195648956299,False,0.0005,0.0,2024
2024-04-01,1092.9059580802918,False,0.0005,0.0,2024
2024-04-01,862.1370114326478,False,0.0005,0.0,2024
2024-04-01,2160.8369161605838,False,0.0005,0.0,2024
2024-04-01,1636.3619161605836,False,0.0005,0.0,2024
2024-04-01,691.6076858997345,False,0.0005,0.0,2024
2024-04-01,2667.3300762176514,False,0.0005,0.0,2024
2024-04-01,3023.504116630554,False,0.0005,0.0,2024
2024-04-01,6766.798205566407,False,0.0005,0.0,2024
2024-04-02,7939.052931404113,False,0.0005,0.0,2024
2024-04-02,582.4169923782349,False,0.0005,0.0,2024
2024-04-02,8739.25195426941,False,0.0005,0.0,2024
2024-04-02,1513.4849618911742,False,0.0005,0.0,2024
2024-04-02,2921.30653553009,False,0.0005,0.0,2024
2024-04-02,23916.06034297943,False,0.0005,0.0,2024
2024-04-03,1119.8790038108825,False,0.0005,0.0,2024
2024-04-03,624.375,False,0.0005,0.0,2024
2024-04-03,3091.2126388549805,False,0.0005,0.0,2024
2024-04-03,1734.264060974121,False,0.0005,0.0,2024
2024-04-03,672.6266801834106,False,0.0005,0.0,2024
2024-04-08,1563.4349618911745,False,0.0005,0.0,2024
2024-04-08,1793.2050762176511,False,0.0005,0.0,2024
2024-04-09,13372.614394426346,False,0.0005,0.0,2024
2024-04-09,1568.4299809455872,False,0.0005,0.0,2024
2024-04-09,2020.976954269409,False,0.0005,0.0,2024
2024-04-09,2996.1355012893678,False,0.0005,0.0,2024
2024-04-09,6564.857251739502,False,0.0005,0.0,2024
2024-04-10,12180.207959747313,False,0.0005,0.0,2024
2024-04-10,1864.1339847564698,False,0.0005,0.0,2024
2024-04-10,27331.940121889114,False,0.0005,0.0,2024
2024-04-11,968.5304695129395,False,0.0005,0.0,2024
2024-04-11,9953.036725616455,False,0.0005,0.0,2024
2024-04-12,584.4149904727936,False,0.0005,0.0,2024
2024-04-12,2855.2187816619876,False,0.0005,0.0,2024
2024-04-12,2023.9740228652956,False,0.0005,0.0,2024
2024-04-12,1935.0630838394163,False,0.0005,0.0,2024
2024-04-12,956.5424809455872,False,0.0005,0.0,2024
2024-04-15,1158.8400381088256,False,0.0005,0.0,2024
2024-04-15,2917.5793971061707,False,0.0005,0.0,2024
2024-04-16,574.425,False,0.0005,0.0,2024
2024-04-16,1578.420019054413,False,0.0005,0.0,2024
2024-04-16,1981.016992378235,False,0.0005,0.0,2024
2024-04-17,1190.808007621765,False,0.0005,0.0,2024
2024-04-17,1118.879980945587,False,0.0005,0.0,2024
2024-04-17,2788.362753868103,False,0.0005,0.0,2024
2024-04-17,1831.1669923782351,False,0.0005,0.0,2024
2024-04-17,1834.1640609741212,False,0.0005,0.0,2024
2024-04-17,1781.2169923782349,False,0.0005,0.0,2024
2024-04-17,9322.667969512939,False,0.0005,0.0,2024
2024-04-19,1228.7700190544128,False,0.0005,0.0,2024
2024-04-19,2277.7199237823484,False,0.0005,0.0,2024
2024-04-19,1678.3199237823485,False,0.0005,0.0,2024
2024-04-22,1787.2109390258788,False,0.0005,0.0,2024
2024-04-22,526.2732125759125,False,0.0005,0.0,2024
2024-04-23,2839.6576143264774,False,0.0005,0.0,2024
2024-04-24,1210.7879885673522,False,0.0005,0.0,2024
2024-04-24,505.2942087650299,False,0.0005,0.0,2024
2024-04-24,915.5834961891176,False,0.0005,0.0,2024
2024-04-25,511.28820304870607,False,0.0005,0.0,2024
2024-04-26,1971.0269542694093,False,0.0005,0.0,2024
2024-04-29,1248.75,False,0.0005,0.0,2024
2024-04-29,582.4169923782349,False,0.0005,0.0,2024
2024-04-29,507.29220685958865,False,0.0005,0.0,2024
2024-04-30,1267.7309580802919,False,0.0005,0.0,2024
2024-04-30,29125.84406633377,False,0.0005,0.0,2024
2024-04-30,4027.9679695129394,False,0.0005,0.0,2024
2024-04-30,28175.794805288315,False,0.0005,0.0,2024
2024-04-30,34560.405647850035,False,0.0005,0.0,2024
2024-05-06,65034.89799928665,False,0.0005,0.0,2024
2024-05-06,2071.925977134704,False,0.0005,0.0,2024
2024-05-06,1022.5764060974121,False,0.0005,0.0,2024
2024-05-06,1029.4695304870606,False,0.0005,0.0,2024
2024-05-06,2848.1490228652956,False,0.0005,0.0,2024
2024-05-06,5063.930862808227,False,0.0005,0.0,2024
2024-05-07,510.2891801834106,False,0.0005,0.0,2024
2024-05-07,4998.996091461181,False,0.0005,0.0,2024
2024-05-08,3021.975,False,0.0005,0.0,2024
2024-05-10,2227.7699237823485,False,0.0005,0.0,2024
2024-05-10,2093.1047664642338,False,0.0005,0.0,2024
2024-05-10,3184.3125000000005,False,0.0005,0.0,2024
2024-05-10,3059.9369161605837,False,0.0005,0.0,2024
2024-05-10,4962.0328170776365,False,0.0005,0.0,2024
2024-05-14,2220.776954269409,False,0.0005,0.0,2024
2024-05-14,531.2681839942933,False,0.0005,0.0,2024
2024-05-14,4985.010152435303,False,0.0005,0.0,2024
2024-05-16,740.2589847564698,False,0.0005,0.0,2024
2024-05-16,2314.6830076217652,False,0.0005,0.0,2024
2024-05-16,526.4729980945586,False,0.0005,0.0,2024
2024-05-16,2915.082030487061,False,0.0005,0.0,2024
2024-05-16,4877.117969512939,False,0.0005,0.0,2024
2024-05-17,2897.1,False,0.0005,0.0,2024
2024-05-20,748.2509771347046,False,0.0005,0.0,2024
2024-05-20,1028.4705076217651,False,0.0005,0.0,2024
2024-05-21,29103.86618256569,False,0.0005,0.0,2024
2024-05-21,17538.444565916063,False,0.0005,0.0,2024
2024-05-21,24068.40837650299,False,0.0005,0.0,2024
2024-05-21,17250.732411575318,False,0.0005,0.0,2024
2024-05-22,739.2600095272064,False,0.0005,0.0,2024
2024-05-22,534.4649904727936,False,0.0005,0.0,2024
2024-05-22,1036.4625,False,0.0005,0.0,2024
2024-05-22,2857.1400381088256,False,0.0005,0.0,2024
2024-05-22,4858.137106704712,False,0.0005,0.0,2024
2024-05-23,1031.467480945587,False,0.0005,0.0,2024
2024-05-23,2847.15,False,0.0005,0.0,2024
2024-05-23,5016.978121948242,False,0.0005,0.0,2024
2024-05-24,1019.4794923782348,False,0.0005,0.0,2024
2024-05-24,2741.256053352356,False,0.0005,0.0,2024
2024-05-27,523.4759771347046,False,0.0005,0.0,2024
2024-05-27,2702.2949237823486,False,0.0005,0.0,2024
2024-05-27,7767.225,False,0.0005,0.0,2024
2024-05-28,716.2830076217651,False,0.0005,0.0,2024
2024-05-28,538.460986661911,False,0.0005,0.0,2024
2024-05-28,1015.4834961891174,False,0.0005,0.0,2024
2024-05-29,1001.4974618911743,False,0.0005,0.0,2024
2024-05-29,5166.828121948242,False,0.0005,0.0,2024
2024-05-30,535.464013338089,False,0.0005,0.0,2024
2024-05-31,18545.435653209686,False,0.0005,0.0,2024
2024-05-31,11758.229790401458,False,0.0005,0.0,2024
2024-05-31,13867.118946647644,False,0.0005,0.0,2024
2024-05-31,8004.986725616454,False,0.0005,0.0,2024
2024-05-31,24395.580457305907,False,0.0005,0.0,2024
2024-05-31,20695.284365844727,False,0.0005,0.0,2024
2024-06-03,740.2589847564698,False,0.0005,0.0,2024
2024-06-03,984.5144542694092,False,0.0005,0.0,2024
2024-06-03,2721.2759771347046,False,0.0005,0.0,2024
2024-06-03,8283.707817077637,False,0.0005,0.0,2024
2024-06-03,5242.751954269409,False,0.0005,0.0,2024
2024-06-03,3103.651931190491,False,0.0005,0.0,2024
2024-06-04,24677.297474098206,False,0.0005,0.0,2024
2024-06-04,1507.7321488380433,False,0.0005,0.0,2024
2024-06-05,714.2850095272064,False,0.0005,0.0,2024
2024-06-05,1520.8224351882934,False,0.0005,0.0,2024
2024-06-06,2581.41601524353,False,0.0005,0.0,2024
2024-06-06,8444.546878051757,False,0.0005,0.0,2024
2024-06-06,5116.878121948242,False,0.0005,0.0,2024
2024-06-07,668.3310057163238,False,0.0005,0.0,2024
2024-06-07,1880.9742748260496,False,0.0005,0.0,2024
2024-06-07,2500.4970685958865,False,0.0005,0.0,2024
2024-06-07,8239.752335357665,False,0.0005,0.0,2024
2024-06-07,5051.942969512939,False,0.0005,0.0,2024
2024-06-07,1481.5514808654784,False,0.0005,0.0,2024
2024-06-11,8282.709365844727,False,0.0005,0.0,2024
2024-06-11,1465.705259513855,False,0.0005,0.0,2024
2024-06-12,7472.520209598541,False,0.0005,0.0,2024
2024-06-12,13101.884771347046,False,0.0005,0.0,2024
2024-06-12,5727.267182922364,False,0.0005,0.0,2024
2024-06-12,2517.4800762176515,False,0.0005,0.0,2024
2024-06-12,5050.944137191773,False,0.0005,0.0,2024
2024-06-12,12315.396732330322,False,0.0005,0.0,2024
2024-06-13,955.5434580802917,False,0.0005,0.0,2024
2024-06-13,5119.875,False,0.0005,0.0,2024
2024-06-13,1530.4679695129394,False,0.0005,0.0,2024
2024-06-13,1945.0529314041137,False,0.0005,0.0,2024
2024-06-14,948.5504885673523,False,0.0005,0.0,2024
2024-06-17,692.3069828510285,False,0.0005,0.0,2024
2024-06-17,927.5714847564697,False,0.0005,0.0,2024
2024-06-17,80350.57180480956,False,0.0005,0.0,2024
2024-06-17,1467.0831793785096,False,0.0005,0.0,2024
2024-06-17,77632.29289627075,False,0.0005,0.0,2024
2024-06-18,697.3020019054413,False,0.0005,0.0,2024
2024-06-18,1882.4014503479002,False,0.0005,0.0,2024
2024-06-18,5310.68398475647,False,0.0005,0.0,2024
2024-06-19,748.2509771347046,False,0.0005,0.0,2024
2024-06-19,2517.4800762176515,False,0.0005,0.0,2024
2024-06-19,5370.623832321167,False,0.0005,0.0,2024
2024-06-20,1484.3073205947876,False,0.0005,0.0,2024
2024-06-21,1890.9643129348756,False,0.0005,0.0,2024
2024-06-21,1468.461099243164,False,0.0005,0.0,2024
2024-06-25,678.3209961891174,False,0.0005,0.0,2024
2024-06-25,1821.1769542694092,False,0.0005,0.0,2024
2024-06-25,2470.526954269409,False,0.0005,0.0,2024
2024-06-25,1453.992797756195,False,0.0005,0.0,2024
2024-06-26,2483.514060974121,False,0.0005,0.0,2024
2024-06-26,1391.9859274864195,False,0.0005,0.0,2024
2024-06-27,2470.526954269409,False,0.0005,0.0,2024
2024-07-01,1364.4273396492003,False,0.0005,0.0,2024
2024-07-02,39020.940800285345,False,0.0005,0.0,2024
2024-07-02,2448.5490228652952,False,0.0005,0.0,2024
2024-07-02,29289.853495788575,False,0.0005,0.0,2024
2024-07-03,655.3439942836761,False,0.0005,0.0,2024
2024-07-03,449.54999999999995,False,0.0005,0.0,2024
2024-07-03,2434.8567123413086,False,0.0005,0.0,2024
2024-07-04,654.3450190544128,False,0.0005,0.0,2024
2024-07-04,2361.635939025879,False,0.0005,0.0,2024
2024-07-04,859.1400381088256,False,0.0005,0.0,2024
2024-07-05,653.3460200071335,False,0.0005,0.0,2024
2024-07-09,620.3790038108826,False,0.0005,0.0,2024
2024-07-10,650.3490228652954,False,0.0005,0.0,2024
2024-07-10,2342.9487047195435,False,0.0005,0.0,2024
2024-07-10,849.6495114326476,False,0.0005,0.0,2024
2024-07-11,1410.5879885673523,False,0.0005,0.0,2024
2024-07-11,907.0919923782349,False,0.0005,0.0,2024
2024-07-11,2364.9266361236573,False,0.0005,0.0,2024
2024-07-11,861.6374999999999,False,0.0005,0.0,2024
2024-07-11,1800.1980457305908,False,0.0005,0.0,2024
2024-07-12,2106.8910628795625,False,0.0005,0.0,2024
2024-07-12,4117.877931404114,False,0.0005,0.0,2024
2024-07-12,7226.64806842804,False,0.0005,0.0,2024
2024-07-12,1713.2849618911741,False,0.0005,0.0,2024
2024-07-12,3588.407817077637,False,0.0005,0.0,2024
2024-07-15,1198.800047636032,False,0.0005,0.0,2024
2024-07-16,2372.9186285018923,False,0.0005,0.0,2024
2024-07-16,854.6445304870606,False,0.0005,0.0,2024
2024-07-17,722.2770019054412,False,0.0005,0.0,2024
2024-07-18,828.6705076217652,False,0.0005,0.0,2024
2024-07-18,1264.73398475647,False,0.0005,0.0,2024
2024-07-22,677.3220209598542,False,0.0005,0.0,2024
2024-07-22,234.76499047279358,False,0.0005,0.0,2024
2024-07-22,820.1790038108825,False,0.0005,0.0,2024
2024-07-23,4853.142040014267,False,0.0005,0.0,2024
2024-07-23,11456.53226866722,False,0.0005,0.0,2024
2024-07-23,18919.41308898926,False,0.0005,0.0,2024
2024-07-23,3334.6621067047117,False,0.0005,0.0,2024
2024-07-23,10675.314346790314,False,0.0005,0.0,2024
2024-07-23,13678.307959985734,False,0.0005,0.0,2024
2024-07-23,14421.563679885863,False,0.0005,0.0,2024
2024-07-24,808.690526676178,False,0.0005,0.0,2024
2024-07-25,2240.0516361236573,False,0.0005,0.0,2024
2024-07-26,1101.896973323822,False,0.0005,0.0,2024
2024-07-26,782.2169923782349,False,0.0005,0.0,2024
2024-07-26,692.3069828510285,False,0.0005,0.0,2024
2024-07-26,4769.813424682618,False,0.0005,0.0,2024
2024-07-26,781.7174809455872,False,0.0005,0.0,2024
2024-07-26,630.3689942836762,False,0.0005,0.0,2024
2024-07-29,1126.871973323822,False,0.0005,0.0,2024
2024-07-29,712.2870114326477,False,0.0005,0.0,2024
2024-07-29,815.1839847564696,False,0.0005,0.0,2024
2024-07-29,228.77099618911743,False,0.0005,0.0,2024
2024-07-29,2464.8266361236574,False,0.0005,0.0,2024
2024-07-29,791.7075190544128,False,0.0005,0.0,2024
2024-07-29,784.2149904727936,False,0.0005,0.0,2024
2024-07-29,1288.7099618911743,False,0.0005,0.0,2024
2024-07-29,2239.758007621765,False,0.0005,0.0,2024
2024-07-30,790.2089847564698,False,0.0005,0.0,2024
2024-07-30,2210.786916160583,False,0.0005,0.0,2024
2024-07-31,709.2899904727936,False,0.0005,0.0,2024
2024-07-31,776.7225095272064,False,0.0005,0.0,2024
2024-07-31,643.3560057163238,False,0.0005,0.0,2024
2024-08-01,815.6834961891175,False,0.0005,0.0,2024
2024-08-01,823.1759771347046,False,0.0005,0.0,2024
2024-08-02,2321.6759771347047,False,0.0005,0.0,2024
2024-08-02,734.2649904727936,False,0.0005,0.0,2024
2024-08-02,2427.570066690445,False,0.0005,0.0,2024
2024-08-02,2359.931712341309,False,0.0005,0.0,2024
2024-08-02,802.6964847564697,False,0.0005,0.0,2024
2024-08-02,1606.3919923782346,False,0.0005,0.0,2024
2024-08-02,2256.7410152435305,False,0.0005,0.0,2024
2024-08-05,1169.8290038108826,False,0.0005,0.0,2024
2024-08-05,1340.6580076217651,False,0.0005,0.0,2024
2024-08-06,1112.886034297943,False,0.0005,0.0,2024
2024-08-06,691.3080076217651,False,0.0005,0.0,2024
2024-08-06,1602.3960914611816,False,0.0005,0.0,2024
2024-08-06,232.76699237823487,False,0.0005,0.0,2024
2024-08-06,2308.982689476013,False,0.0005,0.0,2024
2024-08-06,753.2459961891174,False,0.0005,0.0,2024
2024-08-06,654.3450190544128,False,0.0005,0.0,2024
2024-08-06,2222.775,False,0.0005,0.0,2024
2024-08-07,2254.0377656936644,False,0.0005,0.0,2024
2024-08-07,2240.7570304870605,False,0.0005,0.0,2024
2024-08-09,1134.8639657020567,False,0.0005,0.0,2024
2024-08-09,684.3149904727935,False,0.0005,0.0,2024
2024-08-09,829.1700190544128,False,0.0005,0.0,2024
2024-08-09,231.7679933309555,False,0.0005,0.0,2024
2024-08-09,2245.0467504501344,False,0.0005,0.0,2024
2024-08-09,768.2310057163239,False,0.0005,0.0,2024
2024-08-09,672.3270019054413,False,0.0005,0.0,2024
2024-08-09,2228.768946647644,False,0.0005,0.0,2024
2024-08-12,2253.0387428283693,False,0.0005,0.0,2024
2024-08-12,668.3310057163238,False,0.0005,0.0,2024
2024-08-13,6551.442182922363,False,0.0005,0.0,2024
2024-08-13,2004.9930171489714,False,0.0005,0.0,2024
2024-08-13,12392.595685958862,False,0.0005,0.0,2024
2024-08-13,6311.681768488884,False,0.0005,0.0,2024
2024-08-13,6855.0201370239265,False,0.0005,0.0,2024
2024-08-13,795.7035152435303,False,0.0005,0.0,2024
2024-08-13,4537.458102893829,False,0.0005,0.0,2024
2024-08-13,8831.160247707367,False,0.0005,0.0,2024
2024-08-14,825.1740228652955,False,0.0005,0.0,2024
2024-08-14,804.6945304870607,False,0.0005,0.0,2024
2024-08-14,782.2169923782349,False,0.0005,0.0,2024
2024-08-16,704.2950190544128,False,0.0005,0.0,2024
2024-08-16,2203.2196466445926,False,0.0005,0.0,2024
2024-08-19,27116.857006072998,False,0.0005,0.0,2024
2024-08-19,6863.129885673523,False,0.0005,0.0,2024
2024-08-19,55432.510963439934,False,0.0005,0.0,2024
2024-08-19,46766.51979675293,False,0.0005,0.0,2024
2024-08-19,29410.55939025879,False,0.0005,0.0,2024
2024-08-19,17625.75717315674,False,0.0005,0.0,2024
2024-08-19,777.7214847564697,False,0.0005,0.0,2024
2024-08-19,20779.2,False,0.0005,0.0,2024
2024-08-19,39806.153336906435,False,0.0005,0.0,2024
2024-08-19,45776.17735977173,False,0.0005,0.0,2024
2024-09-30,2707.2900381088257,False,0.0005,0.0,2024
2024-09-30,4975.019923782349,False,0.0005,0.0,2024
2024-09-30,3385.610939025879,False,0.0005,0.0,2024
2024-09-30,1195.203574848175,False,0.0005,0.0,2024
2024-09-30,8482.408758544922,False,0.0005,0.0,2024
2024-09-30,12845.142182922362,False,0.0005,0.0,2024
2024-10-08,7196.796091461182,False,0.0005,0.0,2024
2024-10-08,5707.287106704712,False,0.0005,0.0,2024
2024-10-08,3876.1199237823485,False,0.0005,0.0,2024
2024-10-08,3762.6337463378904,False,0.0005,0.0,2024
2024-10-08,9695.195459747314,False,0.0005,0.0,2024
2024-10-08,17202.779695129393,False,0.0005,0.0,2024
2024-10-10,1259.738965702057,False,0.0005,0.0,2024
2024-10-10,3194.801954269409,False,0.0005,0.0,2024
2024-10-10,213.78601047992706,False,0.0005,0.0,2024
2024-10-10,643.3560057163238,False,0.0005,0.0,2024
2024-10-10,1484.8136916160583,False,0.0005,0.0,2024
2024-10-11,3653.3429695129394,False,0.0005,0.0,2024
2024-10-11,431.3681839942932,False,0.0005,0.0,2024
2024-10-11,8926.96421585083,False,0.0005,0.0,2024
2024-10-11,1464.8337106704712,False,0.0005,0.0,2024
2024-10-11,1854.143946647644,False,0.0005,0.0,2024
2024-10-14,209.78999047279356,False,0.0005,0.0,2024
2024-10-14,5004.989847564697,False,0.0005,0.0,2024
2024-10-14,426.3732125759125,False,0.0005,0.0,2024
2024-10-14,624.375,False,0.0005,0.0,2024
2024-10-14,1805.1929695129395,False,0.0005,0.0,2024
2024-10-15,1316.6820304870605,False,0.0005,0.0,2024
2024-10-17,1281.7169923782349,False,0.0005,0.0,2024
2024-10-17,1191.8070304870605,False,0.0005,0.0,2024
2024-10-17,3528.467969512939,False,0.0005,0.0,2024
2024-10-17,411.38820304870603,False,0.0005,0.0,2024
2024-10-17,9067.822819519042,False,0.0005,0.0,2024
2024-10-17,630.3689942836762,False,0.0005,0.0,2024
2024-10-17,1759.2390609741212,False,0.0005,0.0,2024
2024-10-18,1255.7429695129395,False,0.0005,0.0,2024
2024-10-18,206.79299333095548,False,0.0005,0.0,2024
2024-10-18,404.3951858997345,False,0.0005,0.0,2024
2024-10-21,7828.164251518249,False,0.0005,0.0,2024
2024-10-21,8671.31973323822,False,0.0005,0.0,2024
2024-10-21,5458.535939025879,False,0.0005,0.0,2024
2024-10-21,8391.599618911743,False,0.0005,0.0,2024
2024-10-21,6534.258913421631,False,0.0005,0.0,2024
2024-10-21,10954.034914255142,False,0.0005,0.0,2024
2024-10-21,8645.146401214599,False,0.0005,0.0,2024
2024-10-21,8936.054695129395,False,0.0005,0.0,2024
2024-10-22,1284.7139657020568,False,0.0005,0.0,2024
2024-10-22,415.5839847564697,False,0.0005,0.0,2024
2024-10-22,406.3931839942932,False,0.0005,0.0,2024
2024-10-22,1462.8356649398804,False,0.0005,0.0,2024
2024-10-22,2395.601954269409,False,0.0005,0.0,2024
2024-10-23,1299.6990228652955,False,0.0005,0.0,2024
2024-10-23,419.5799809455871,False,0.0005,0.0,2024
2024-10-23,420.3792182922364,False,0.0005,0.0,2024
2024-10-23,480.71877980232244,False,0.0005,0.0,2024
2024-10-23,1473.8247259140014,False,0.0005,0.0,2024
2024-10-23,1653.3449237823486,False,0.0005,0.0,2024
2024-10-23,658.3410152435303,False,0.0005,0.0,2024
2024-10-23,1843.1550762176514,False,0.0005,0.0,2024
2024-10-24,2492.504885673523,False,0.0005,0.0,2024
2024-10-24,426.3732125759125,False,0.0005,0.0,2024
2024-10-24,1538.4599618911743,False,0.0005,0.0,2024
2024-10-24,1468.8297068595887,False,0.0005,0.0,2024
2024-10-25,1353.6450190544128,False,0.0005,0.0,2024
2024-10-25,1243.7549809455872,False,0.0005,0.0,2024
2024-10-25,424.3752144813538,False,0.0005,0.0,2024
2024-10-25,747.2520019054413,False,0.0005,0.0,2024
2024-10-25,1464.8337106704712,False,0.0005,0.0,2024
2024-10-25,1693.3050762176513,False,0.0005,0.0,2024
2024-10-28,452.54702095985414,False,0.0005,0.0,2024
2024-10-28,3006.9900381088255,False,0.0005,0.0,2024
2024-10-28,692.3069828510285,False,0.0005,0.0,2024
2024-10-28,1746.1092367172241,False,0.0005,0.0,2024
2024-10-28,2317.6800762176513,False,0.0005,0.0,2024
2024-10-29,4036.959080028534,False,0.0005,0.0,2024
2024-10-29,5074.919923782349,False,0.0005,0.0,2024
2024-10-29,4135.859914255142,False,0.0005,0.0,2024
2024-10-29,3156.840038108826,False,0.0005,0.0,2024
2024-10-29,5514.480219125748,False,0.0005,0.0,2024
2024-10-29,3426.9696853637697,False,0.0005,0.0,2024
2024-10-29,4505.39009771347,False,0.0005,0.0,2024
2024-10-29,3492.2184734344482,False,0.0005,0.0,2024
2024-10-29,4881.1140133380895,False,0.0005,0.0,2024
2024-10-29,5541.452931404113,False,0.0005,0.0,2024
2024-10-29,2438.5589847564697,False,0.0005,0.0,2024
2024-10-29,3802.833222198486,False,0.0005,0.0,2024
2024-10-31,1974.0240228652954,False,0.0005,0.0,2024
2024-10-31,734.2649904727936,False,0.0005,0.0,2024
2024-10-31,486.7128217220307,False,0.0005,0.0,2024
2024-10-31,1463.8346878051757,False,0.0005,0.0,2024
2024-10-31,767.308867406845,False,0.0005,0.0,2024
2024-10-31,1768.2300762176515,False,0.0005,0.0,2024
2024-10-31,2537.4599618911743,False,0.0005,0.0,2024
2024-11-01,238.76101047992705,False,0.0005,0.0,2024
2024-11-01,410.38918018341064,False,0.0005,0.0,2024
2024-11-01,754.2450190544129,False,0.0005,0.0,2024
2024-11-01,1472.8257030487061,False,0.0005,0.0,2024
2024-11-01,696.3029790401458,False,0.0005,0.0,2024
2024-11-01,834.1650381088257,False,0.0005,0.0,2024
2024-11-04,1213.7849618911741,False,0.0005,0.0,2024
2024-11-04,2860.1369161605835,False,0.0005,0.0,2024
2024-11-04,679.3200190544129,False,0.0005,0.0,2024
2024-11-04,1968.0300762176514,False,0.0005,0.0,2024
2024-11-04,2793.2039085388183,False,0.0005,0.0,2024
2024-11-04,897.7613322257996,False,0.0005,0.0,2024
2024-11-05,1289.7089847564696,False,0.0005,0.0,2024
2024-11-05,1337.6610342979432,False,0.0005,0.0,2024
2024-11-05,8775.216205787658,False,0.0005,0.0,2024
2024-11-05,734.2649904727936,False,0.0005,0.0,2024
2024-11-05,1514.7837106704712,False,0.0005,0.0,2024
2024-11-05,690.3089847564697,False,0.0005,0.0,2024
2024-11-05,15217.843210029603,False,0.0005,0.0,2024
2024-11-05,1875.1230457305908,False,0.0005,0.0,2024
2024-11-05,11826.741170310976,False,0.0005,0.0,2024
2024-11-06,1305.6929695129395,False,0.0005,0.0,2024
2024-11-06,478.5209961891174,False,0.0005,0.0,2024
2024-11-06,243.75600571632384,False,0.0005,0.0,2024
2024-11-06,756.2430171489716,False,0.0005,0.0,2024
2024-11-06,496.7028121948243,False,0.0005,0.0,2024
2024-11-07,1333.6650381088257,False,0.0005,0.0,2024
2024-11-07,1399.5990228652954,False,0.0005,0.0,2024
2024-11-07,750.2490228652954,False,0.0005,0.0,2024
2024-11-07,1602.6956268310546,False,0.0005,0.0,2024
2024-11-07,699.3000000000001,False,0.0005,0.0,2024
2024-11-07,1913.0849618911743,False,0.0005,0.0,2024
2024-11-07,3167.8289085388183,False,0.0005,0.0,2024
2024-11-08,4015.979885673523,False,0.0005,0.0,2024
2024-11-08,4177.817874240875,False,0.0005,0.0,2024
2024-11-08,4540.455171489715,False,0.0005,0.0,2024
2024-11-08,6393.599857091904,False,0.0005,0.0,2024
2024-11-08,3774.421758842468,False,0.0005,0.0,2024
2024-11-08,6217.776167678833,False,0.0005,0.0,2024
2024-11-08,9390.200619506837,False,0.0005,0.0,2024
2024-11-08,3109.487345123291,False,0.0005,0.0,2024
2024-11-08,3447.9771755218508,False,0.0005,0.0,2024
2024-11-08,4315.679885673523,False,0.0005,0.0,2024
2024-11-08,3906.0898475646973,False,0.0005,0.0,2024
2024-11-08,6559.434365844727,False,0.0005,0.0,2024
2024-11-08,8491.5,False,0.0005,0.0,2024
2024-11-11,1582.4160628795626,False,0.0005,0.0,2024
2024-11-11,7948.965989685058,False,0.0005,0.0,2024
2024-11-11,502.6968064785003,False,0.0005,0.0,2024
2024-11-11,1079.4195304870605,False,0.0005,0.0,2024
2024-11-11,1539.7587106704711,False,0.0005,0.0,2024
2024-11-11,711.2879885673524,False,0.0005,0.0,2024
2024-11-11,9449.540634155273,False,0.0005,0.0,2024
2024-11-11,3479.517182922363,False,0.0005,0.0,2024
2024-11-12,1391.6070304870605,False,0.0005,0.0,2024
2024-11-12,6684.635577392578,False,0.0005,0.0,2024
2024-11-12,3711.2851524353027,False,0.0005,0.0,2024
2024-11-12,509.4899904727936,False,0.0005,0.0,2024
2024-11-12,798.2009771347045,False,0.0005,0.0,2024
2024-11-12,1255.7429695129395,False,0.0005,0.0,2024
2024-11-12,723.2759771347046,False,0.0005,0.0,2024
2024-11-12,9803.186725616455,False,0.0005,0.0,2024
2024-11-12,2036.9609390258788,False,0.0005,0.0,2024
2024-11-12,3954.0421829223633,False,0.0005,0.0,2024
2024-11-13,8328.586294555664,False,0.0005,0.0,2024
2024-11-13,6697.377644348144,False,0.0005,0.0,2024
2024-11-13,1081.4174809455872,False,0.0005,0.0,2024
2024-11-13,1314.6839847564697,False,0.0005,0.0,2024
2024-11-13,717.2819828510284,False,0.0005,0.0,2024
2024-11-13,3716.2800762176516,False,0.0005,0.0,2024
2024-11-14,9890.1,False,0.0005,0.0,2024
2024-11-14,486.51298856735224,False,0.0005,0.0,2024
2024-11-14,3669.326954269409,False,0.0005,0.0,2024
2024-11-14,2297.7,False,0.0005,0.0,2024
2024-11-15,468.5310057163239,False,0.0005,0.0,2024
2024-11-15,239.76000952720642,False,0.0005,0.0,2024
2024-11-15,497.7017874240875,False,0.0005,0.0,2024
2024-11-15,9107.882817077636,False,0.0005,0.0,2024
2024-11-15,3524.471878051758,False,0.0005,0.0,2024
2024-11-18,1289.7089847564696,False,0.0005,0.0,2024
2024-11-18,464.53500952720646,False,0.0005,0.0,2024
2024-11-18,3496.5000000000005,False,0.0005,0.0,2024
2024-11-18,241.75800762176513,False,0.0005,0.0,2024
2024-11-18,399.4001906633377,False,0.0005,0.0,2024
2024-11-18,499.69978551864625,False,0.0005,0.0,2024
2024-11-18,1033.4655266761781,False,0.0005,0.0,2024
2024-11-18,1679.033511543274,False,0.0005,0.0,2024
2024-11-18,1238.7599618911743,False,0.0005,0.0,2024
2024-11-18,695.3040038108826,False,0.0005,0.0,2024
2024-11-18,2187.809961891174,False,0.0005,0.0,2024
2024-11-18,2012.9849618911742,False,0.0005,0.0,2024
2024-11-19,1271.7269542694091,False,0.0005,0.0,2024
2024-11-19,2599.398045730591,False,0.0005,0.0,2024
2024-11-19,1806.1919923782348,False,0.0005,0.0,2024
2024-11-19,6146.398337173462,False,0.0005,0.0,2024
2024-11-19,3314.681839942932,False,0.0005,0.0,2024
2024-11-19,2006.9910628795622,False,0.0005,0.0,2024
2024-11-19,3686.3100571632385,False,0.0005,0.0,2024
2024-11-19,4867.128217220306,False,0.0005,0.0,2024
2024-11-19,3037.459568595886,False,0.0005,0.0,2024
2024-11-19,1688.609687805176,False,0.0005,0.0,2024
2024-11-19,1681.17427482605,False,0.0005,0.0,2024
2024-11-19,5979.01513338089,False,0.0005,0.0,2024
2024-11-19,2163.8339371204374,False,0.0005,0.0,2024
2024-11-19,8589.402335357665,False,0.0005,0.0,2024
2024-11-19,2018.9789085388184,False,0.0005,0.0,2024
2024-11-19,3122.874022865295,False,0.0005,0.0,2024
2024-11-19,3866.1300762176515,False,0.0005,0.0,2024
2024-11-20,405.3942087650299,False,0.0005,0.0,2024
2024-11-20,741.258007621765,False,0.0005,0.0,2024
2024-11-20,2012.9849618911742,False,0.0005,0.0,2024
2024-11-21,464.53500952720646,False,0.0005,0.0,2024
2024-11-21,3606.3898475646974,False,0.0005,0.0,2024
2024-11-21,402.3971878051758,False,0.0005,0.0,2024
2024-11-21,1059.3396091461182,False,0.0005,0.0,2024
2024-11-21,1039.459473323822,False,0.0005,0.0,2024
2024-11-21,1235.7629885673523,False,0.0005,0.0,2024
2024-11-21,855.1440419197082,False,0.0005,0.0,2024
2024-11-21,2035.9619161605835,False,0.0005,0.0,2024
2024-11-22,1280.7179695129394,False,0.0005,0.0,2024
2024-11-22,1427.5709961891173,False,0.0005,0.0,2024
2024-11-22,13032.954670715333,False,0.0005,0.0,2024
2024-11-22,3612.3839847564695,False,0.0005,0.0,2024
2024-11-22,39279.43963394165,False,0.0005,0.0,2024
2024-11-22,399.4001906633377,False,0.0005,0.0,2024
2024-11-22,1247.7509771347047,False,0.0005,0.0,2024
2024-11-22,18852.329170417786,False,0.0005,0.0,2024
2024-11-22,1034.464454269409,False,0.0005,0.0,2024
2024-11-22,1286.7120114326476,False,0.0005,0.0,2024
2024-11-22,5754.239847564697,False,0.0005,0.0,2024
2024-11-25,1229.7690419197081,False,0.0005,0.0,2024
2024-11-25,1370.628026676178,False,0.0005,0.0,2024
2024-11-25,6114.878908538818,False,0.0005,0.0,2024
2024-11-25,3391.605076217651,False,0.0005,0.0,2024
2024-11-25,233.76599142551422,False,0.0005,0.0,2024
2024-11-25,14763.222068595886,False,0.0005,0.0,2024
2024-11-25,6056.936725616455,False,0.0005,0.0,2024
2024-11-25,1203.795019054413,False,0.0005,0.0,2024
2024-11-25,6025.967969512939,False,0.0005,0.0,2024
2024-11-25,5494.5,False,0.0005,0.0,2024
2024-11-27,1196.8019542694092,False,0.0005,0.0,2024
2024-11-27,1879.118946647644,False,0.0005,0.0,2024
2024-11-28,1306.6919923782348,False,0.0005,0.0,2024
2024-11-28,3494.501954269409,False,0.0005,0.0,2024
2024-11-28,1927.0710914611816,False,0.0005,0.0,2024
2024-11-29,1199.7990228652955,False,0.0005,0.0,2024
2024-11-29,1283.7150381088256,False,0.0005,0.0,2024
2024-11-29,6216.776954269409,False,0.0005,0.0,2024
2024-11-29,949.0500000000001,False,0.0005,0.0,2024
2024-11-29,11989.997664642335,False,0.0005,0.0,2024
2024-11-29,3439.5570304870603,False,0.0005,0.0,2024
2024-11-29,1657.340919971466,False,0.0005,0.0,2024
2024-11-29,762.8364156246186,False,0.0005,0.0,2024
2024-11-29,3647.3490228652954,False,0.0005,0.0,2024
2024-11-29,1565.7327335357666,False,0.0005,0.0,2024
2024-11-29,1713.9985496520997,False,0.0005,0.0,2024
2024-11-29,2381.61601524353,False,0.0005,0.0,2024
2024-11-29,5430.564060974121,False,0.0005,0.0,2024
2024-11-29,1896.1019542694094,False,0.0005,0.0,2024
2024-12-02,1442.5559580802917,False,0.0005,0.0,2024
2024-12-02,29263.507340240478,False,0.0005,0.0,2024
2024-12-02,480.5189942836761,False,0.0005,0.0,2024
2024-12-02,3482.514060974121,False,0.0005,0.0,2024
2024-12-02,37427.03306865692,False,0.0005,0.0,2024
2024-12-02,237.7620114326477,False,0.0005,0.0,2024
2024-12-02,380.4192087650299,False,0.0005,0.0,2024
2024-12-02,21857.120805644987,False,0.0005,0.0,2024
2024-12-02,1223.775,False,0.0005,0.0,2024
2024-12-02,39003.81526565552,False,0.0005,0.0,2024
2024-12-02,932.0669923782349,False,0.0005,0.0,2024
2024-12-02,5614.380076217651,False,0.0005,0.0,2024
2024-12-03,6412.581243896484,False,0.0005,0.0,2024
2024-12-03,493.50600571632384,False,0.0005,0.0,2024
2024-12-03,246.75300285816192,False,0.0005,0.0,2024
2024-12-03,944.0549809455872,False,0.0005,0.0,2024
2024-12-03,5692.301954269409,False,0.0005,0.0,2024
2024-12-04,6303.689847564697,False,0.0005,0.0,2024
2024-12-04,1244.7540038108828,False,0.0005,0.0,2024
2024-12-04,37597.3635137558,False,0.0005,0.0,2024
2024-12-04,2004.9929695129392,False,0.0005,0.0,2024
2024-12-05,1503.4950190544128,False,0.0005,0.0,2024
2024-12-05,487.5120114326477,False,0.0005,0.0,2024
2024-12-05,3436.5601524353024,False,0.0005,0.0,2024
2024-12-05,396.40319352149965,False,0.0005,0.0,2024
2024-12-05,1211.7870114326477,False,0.0005,0.0,2024
2024-12-06,1509.4889657020567,False,0.0005,0.0,2024
2024-12-06,501.49799809455874,False,0.0005,0.0,2024
2024-12-06,6757.521755218505,False,0.0005,0.0,2024
2024-12-09,3476.519923782349,False,0.0005,0.0,2024
2024-12-09,271.728002858162,False,0.0005,0.0,2024
2024-12-09,1230.7679695129395,False,0.0005,0.0,2024
2024-12-10,593.4060057163239,False,0.0005,0.0,2024
2024-12-10,6334.658984756469,False,0.0005,0.0,2024
2024-12-10,532.4669923782349,False,0.0005,0.0,2024
2024-12-10,30141.25801391602,False,0.0005,0.0,2024
2024-12-10,3540.4558628082277,False,0.0005,0.0,2024
2024-12-10,394.4051954269409,False,0.0005,0.0,2024
2024-12-10,1230.7679695129395,False,0.0005,0.0,2024
2024-12-11,961.3377144813537,False,0.0005,0.0,2024
2024-12-11,288.71101047992704,False,0.0005,0.0,2024
2024-12-11,507.4919923782349,False,0.0005,0.0,2024
2024-12-11,3381.614847564698,False,0.0005,0.0,2024
2024-12-11,1709.5887868881225,False,0.0005,0.0,2024
2024-12-11,1212.7860342979432,False,0.0005,0.0,2024
2024-12-12,299.7,False,0.0005,0.0,2024
2024-12-12,517.4819828510284,False,0.0005,0.0,2024
2024-12-12,551.4479980945588,False,0.0005,0.0,2024
2024-12-12,1213.7849618911741,False,0.0005,0.0,2024
2024-12-12,1076.0656680107115,False,0.0005,0.0,2024
2024-12-16,301.6979980945587,False,0.0005,0.0,2024
2024-12-16,517.4819828510284,False,0.0005,0.0,2024
2024-12-16,3308.6878932952877,False,0.0005,0.0,2024
2024-12-17,521.4779790401459,False,0.0005,0.0,2024
2024-12-17,3301.6949237823487,False,0.0005,0.0,2024
2024-12-18,290.7090085744858,False,0.0005,0.0,2024
2024-12-18,494.50498094558714,False,0.0005,0.0,2024
2024-12-18,2412.5849618911743,False,0.0005,0.0,2024
2024-12-18,3161.8349618911743,False,0.0005,0.0,2024
2024-12-18,258.7409914255142,False,0.0005,0.0,2024
2024-12-18,379.42020971775054,False,0.0005,0.0,2024
2024-12-18,1585.7127144813537,False,0.0005,0.0,2024
2024-12-18,1143.8549809455872,False,0.0005,0.0,2024
2024-12-18,958.3264503479004,False,0.0005,0.0,2024
2024-12-19,1147.8509771347046,False,0.0005,0.0,2024
2024-12-20,9263.72676372528,False,0.0005,0.0,2024
2024-12-20,8601.389657020569,False,0.0005,0.0,2024
2024-12-20,493.50600571632384,False,0.0005,0.0,2024
2024-12-20,7477.515228652955,False,0.0005,0.0,2024
2024-12-20,40049.9101524353,False,0.0005,0.0,2024
2024-12-20,12323.663679885865,False,0.0005,0.0,2024
2024-12-20,1141.2576262950897,False,0.0005,0.0,2024
2024-12-20,9574.215943908692,False,0.0005,0.0,2024
2024-12-20,1149.8490228652954,False,0.0005,0.0,2024
2024-12-20,10653.621374130249,False,0.0005,0.0,2024
2024-12-23,41868.089371204376,False,0.0005,0.0,2024
2024-12-23,488.510986661911,False,0.0005,0.0,2024
2024-12-23,529.4700190544129,False,0.0005,0.0,2024
2024-12-23,376.4231887578964,False,0.0005,0.0,2024
2024-12-23,1614.6837106704713,False,0.0005,0.0,2024
2024-12-23,1167.8309580802918,False,0.0005,0.0,2024
2024-12-23,1351.6469733238218,False,0.0005,0.0,2024
2024-12-24,890.4087106704711,False,0.0005,0.0,2024
2024-12-24,549.45,False,0.0005,0.0,2024
2024-12-24,2444.5529314041137,False,0.0005,0.0,2024
2024-12-24,1828.6695304870605,False,0.0005,0.0,2024
2024-12-24,1698.3,False,0.0005,0.0,2024
2024-12-24,1471.9266205787658,False,0.0005,0.0,2024
2024-12-24,1534.7636916160584,False,0.0005,0.0,2024
2024-12-24,1131.8669923782347,False,0.0005,0.0,2024
2024-12-24,1032.537862586975,False,0.0005,0.0,2024
2024-12-25,1866.631446647644,False,0.0005,0.0,2024
2024-12-25,1743.2550762176515,False,0.0005,0.0,2024
2024-12-25,24381.99313659668,False,0.0005,0.0,2024
2024-12-25,1151.846973323822,False,0.0005,0.0,2024
2024-12-25,1045.3821564674379,False,0.0005,0.0,2024
2024-12-26,874.4247259140014,False,0.0005,0.0,2024
2024-12-26,406.3931839942932,False,0.0005,0.0,2024
2024-12-26,1307.6910152435303,False,0.0005,0.0,2024
2024-12-27,1546.4519542694093,False,0.0005,0.0,2024
2024-12-27,926.3726763725281,False,0.0005,0.0,2024
2024-12-27,270.7290038108826,False,0.0005,0.0,2024
2024-12-27,2557.440038108826,False,0.0005,0.0,2024
2024-12-27,519.4799809455872,False,0.0005,0.0,2024
2024-12-27,399.4001906633377,False,0.0005,0.0,2024
2024-12-27,1716.2820304870606,False,0.0005,0.0,2024
2024-12-27,1058.9400381088258,False,0.0005,0.0,2024
2024-12-30,2528.468946647644,False,0.0005,0.0,2024
2024-12-30,262.7370114326477,False,0.0005,0.0,2024
2024-12-30,1111.7442938804625,False,0.0005,0.0,2024
2024-12-31,7942.049809455872,False,0.0005,0.0,2024
2024-12-31,6561.532161426544,False,0.0005,0.0,2024
2024-12-31,6793.200071454048,False,0.0005,0.0,2024
2024-12-31,2526.4710914611815,False,0.0005,0.0,2024
2024-12-31,10207.78155412674,False,0.0005,0.0,2024
2024-12-31,398.4011916160584,False,0.0005,0.0,2024
2024-12-31,7546.446091461182,False,0.0005,0.0,2024
2024-12-31,6937.056243896484,False,0.0005,0.0,2024
2024-12-31,7743.748629570007,False,0.0005,0.0,2024
2024-12-31,10389.6,False,0.0005,0.0,2024
2024-12-31,7517.475,False,0.0005,0.0,2024
2025-01-02,895.403729724884,False,0.0005,0.0,2025
2025-01-02,593.4060057163239,False,0.0005,0.0,2025
2025-01-02,4911.083984756469,False,0.0005,0.0,2025
2025-01-02,27122.849142551422,False,0.0005,0.0,2025
2025-01-02,2079.917969512939,False,0.0005,0.0,2025
2025-01-02,399.4001906633377,False,0.0005,0.0,2025
2025-01-02,14868.117373466492,False,0.0005,0.0,2025
2025-01-02,25174.800762176514,False,0.0005,0.0,2025
2025-01-02,9040.949999999999,False,0.0005,0.0,2025
2025-01-02,16840.285496520995,False,0.0005,0.0,2025
2025-01-03,1443.5549809455872,False,0.0005,0.0,2025
2025-01-03,873.4257030487062,False,0.0005,0.0,2025
2025-01-03,265.7340085744858,False,0.0005,0.0,2025
2025-01-03,580.4189942836762,False,0.0005,0.0,2025
2025-01-03,359.63999047279356,False,0.0005,0.0,2025
2025-01-03,257.7419923782349,False,0.0005,0.0,2025
2025-01-03,402.3971878051758,False,0.0005,0.0,2025
2025-01-03,1728.7695304870606,False,0.0005,0.0,2025
2025-01-03,1594.4040038108826,False,0.0005,0.0,2025
2025-01-06,12232.255660057068,False,0.0005,0.0,2025
2025-01-06,252.74699714183808,False,0.0005,0.0,2025
2025-01-06,576.4229980945587,False,0.0005,0.0,2025
2025-01-06,5147.953963851928,False,0.0005,0.0,2025
2025-01-06,2079.917969512939,False,0.0005,0.0,2025
2025-01-06,9226.764060974121,False,0.0005,0.0,2025
2025-01-07,250.74899904727937,False,0.0005,0.0,2025
2025-01-07,247.7520019054413,False,0.0005,0.0,2025
2025-01-07,2035.9619161605835,False,0.0005,0.0,2025
2025-01-07,1570.428026676178,False,0.0005,0.0,2025
2025-01-07,9801.189060974122,False,0.0005,0.0,2025
2025-01-08,580.4189942836762,False,0.0005,0.0,2025
2025-01-08,2053.943946647644,False,0.0005,0.0,2025
2025-01-08,1691.8064466476442,False,0.0005,0.0,2025
2025-01-10,2859.1380838394166,False,0.0005,0.0,2025
2025-01-10,1755.2429933309556,False,0.0005,0.0,2025
2025-01-10,2802.195066690445,False,0.0005,0.0,2025
2025-01-10,5131.969979095458,False,0.0005,0.0,2025
2025-01-10,2890.1071257591248,False,0.0005,0.0,2025
2025-01-10,3964.0320304870606,False,0.0005,0.0,2025
2025-01-10,1659.8384771347046,False,0.0005,0.0,2025
2025-01-10,1554.4440419197083,False,0.0005,0.0,2025
2025-01-14,1425.5730457305908,False,0.0005,0.0,2025
2025-01-14,246.75300285816192,False,0.0005,0.0,2025
2025-01-14,5229.871933364869,False,0.0005,0.0,2025
2025-01-14,259.7399904727936,False,0.0005,0.0,2025
2025-01-14,1953.0449237823486,False,0.0005,0.0,2025
2025-01-14,1663.8345685958861,False,0.0005,0.0,2025
2025-01-14,1544.4540038108826,False,0.0005,0.0,2025
2025-01-14,1458.5400381088257,False,0.0005,0.0,2025
2025-01-14,2537.4599618911743,False,0.0005,0.0,2025
2025-01-14,14490.495304870607,False,0.0005,0.0,2025
2025-01-15,13501.48474752903,False,0.0005,0.0,2025
2025-01-15,23110.866491603854,False,0.0005,0.0,2025
2025-01-15,7932.0600571632385,False,0.0005,0.0,2025
2025-01-15,1550.4480457305908,False,0.0005,0.0,2025
2025-01-15,2757.240038108826,False,0.0005,0.0,2025
2025-01-15,15094.890609741211,False,0.0005,0.0,2025
2025-01-16,1456.541992378235,False,0.0005,0.0,2025
2025-01-16,555.4439942836761,False,0.0005,0.0,2025
2025-01-16,356.6429933309555,False,0.0005,0.0,2025
2025-01-16,10139.85,False,0.0005,0.0,2025
2025-01-16,1687.8105457305905,False,0.0005,0.0,2025
2025-01-16,1547.4509771347045,False,0.0005,0.0,2025
2025-01-17,2697.2999999999997,False,0.0005,0.0,2025
2025-01-20,1464.5339847564696,False,0.0005,0.0,2025
2025-01-20,560.439013338089,False,0.0005,0.0,2025
2025-01-20,709.2899904727936,False,0.0005,0.0,2025
2025-01-20,5609.491857147217,False,0.0005,0.0,2025
2025-01-20,10596.392969512939,False,0.0005,0.0,2025
2025-01-20,2072.925,False,0.0005,0.0,2025
2025-01-20,1721.7765609741211,False,0.0005,0.0,2025
2025-01-20,1534.4639657020568,False,0.0005,0.0,2025
2025-01-20,2705.2919923782347,False,0.0005,0.0,2025
2025-01-20,3526.4699237823484,False,0.0005,0.0,2025
2025-01-21,1473.525,False,0.0005,0.0,2025
2025-01-21,1152.8459961891174,False,0.0005,0.0,2025
2025-01-21,1798.199952363968,False,0.0005,0.0,2025
2025-01-21,5558.542643737794,False,0.0005,0.0,2025
2025-01-21,2052.9449237823483,False,0.0005,0.0,2025
2025-01-21,1733.7644542694093,False,0.0005,0.0,2025
2025-01-21,1538.4599618911743,False,0.0005,0.0,2025
2025-01-21,2694.3029314041137,False,0.0005,0.0,2025
2025-01-21,3630.3660152435305,False,0.0005,0.0,2025
2025-01-22,804.1950190544128,False,0.0005,0.0,2025
2025-01-22,2562.9345685958865,False,0.0005,0.0,2025
2025-01-22,1534.4639657020568,False,0.0005,0.0,2025
2025-01-22,3686.310152435303,False,0.0005,0.0,2025
2025-01-22,2335.5191986083983,False,0.0005,0.0,2025
2025-01-23,1470.528026676178,False,0.0005,0.0,2025
2025-01-23,811.1879885673522,False,0.0005,0.0,2025
2025-01-23,566.4330076217651,False,0.0005,0.0,2025
2025-01-23,1057.9409914255143,False,0.0005,0.0,2025
2025-01-23,2597.8994161605838,False,0.0005,0.0,2025
2025-01-23,4236.587495040893,False,0.0005,0.0,2025
2025-01-23,2057.940038108826,False,0.0005,0.0,2025
2025-01-23,4536.458984756469,False,0.0005,0.0,2025
2025-01-23,988.0110342979432,False,0.0005,0.0,2025
2025-01-23,1503.4950190544128,False,0.0005,0.0,2025
2025-01-23,2557.440038108826,False,0.0005,0.0,2025
2025-01-23,3648.348045730591,False,0.0005,0.0,2025
2025-01-24,571.4279790401458,False,0.0005,0.0,2025
2025-01-24,3657.339060974121,False,0.0005,0.0,2025
2025-01-24,2453.258511543274,False,0.0005,0.0,2025
2025-01-27,1485.5129885673523,False,0.0005,0.0,2025
2025-01-27,814.1849618911743,False,0.0005,0.0,2025
2025-01-27,548.4509771347045,False,0.0005,0.0,2025
2025-01-27,2592.904492378235,False,0.0005,0.0,2025
2025-01-27,4295.7,False,0.0005,0.0,2025
2025-01-27,2044.9529314041135,False,0.0005,0.0,2025
2025-01-27,4209.785939025879,False,0.0005,0.0,2025
2025-01-27,1631.366992378235,False,0.0005,0.0,2025
2025-01-27,2419.007061195374,False,0.0005,0.0,2025
2025-02-05,558.4410152435303,False,0.0005,0.0,2025
2025-02-05,721.2779790401459,False,0.0005,0.0,2025
2025-02-05,2648.848439025879,False,0.0005,0.0,2025
2025-02-05,4711.2603572845455,False,0.0005,0.0,2025
2025-02-05,2085.9119161605836,False,0.0005,0.0,2025
2025-02-05,4160.835152435303,False,0.0005,0.0,2025
2025-02-05,1021.9769542694091,False,0.0005,0.0,2025
2025-02-05,1593.404980945587,False,0.0005,0.0,2025
2025-02-05,2759.2380838394165,False,0.0005,0.0,2025
2025-02-05,2427.5699237823483,False,0.0005,0.0,2025
2025-02-06,1445.553026676178,False,0.0005,0.0,2025
2025-02-06,1624.3740228652953,False,0.0005,0.0,2025
2025-02-06,1096.901954269409,False,0.0005,0.0,2025
2025-02-06,2901.096091461182,False,0.0005,0.0,2025
2025-02-06,2701.795507621765,False,0.0005,0.0,2025
2025-02-06,4587.715355300903,False,0.0005,0.0,2025
2025-02-06,2078.918946647644,False,0.0005,0.0,2025
2025-02-06,4249.746091461181,False,0.0005,0.0,2025
2025-02-06,2019.9779314041139,False,0.0005,0.0,2025
2025-02-06,3406.5898475646973,False,0.0005,0.0,2025
2025-02-06,6553.439847564697,False,0.0005,0.0,2025
2025-02-06,3774.2218780517574,False,0.0005,0.0,2025
2025-02-06,2334.0922136306763,False,0.0005,0.0,2025
2025-02-07,839.1599618911742,False,0.0005,0.0,2025
2025-02-07,4858.137106704712,False,0.0005,0.0,2025
2025-02-07,1027.9709961891176,False,0.0005,0.0,2025
2025-02-07,3696.3,False,0.0005,0.0,2025
2025-02-07,4848.146878051758,False,0.0005,0.0,2025
2025-02-10,2887.6095685958862,False,0.0005,0.0,2025
2025-02-10,4908.087106704712,False,0.0005,0.0,2025
2025-02-10,1776.2220685958862,False,0.0005,0.0,2025
2025-02-10,18381.599618911743,False,0.0005,0.0,2025
2025-02-10,3999.996091461182,False,0.0005,0.0,2025
2025-02-11,1496.5019542694092,False,0.0005,0.0,2025
2025-02-11,552.4470209598542,False,0.0005,0.0,2025
2025-02-12,2925.5714847564695,False,0.0005,0.0,2025
2025-02-12,1804.193946647644,False,0.0005,0.0,2025
2025-02-13,21002.97654876709,False,0.0005,0.0,2025
2025-02-13,5875.119137191773,False,0.0005,0.0,2025
2025-02-13,4817.071417236329,False,0.0005,0.0,2025
2025-02-13,23010.966586875915,False,0.0005,0.0,2025
2025-02-13,20065.91425151825,False,0.0005,0.0,2025
2025-02-13,12710.276954269408,False,0.0005,0.0,2025
2025-02-13,59376.56253662109,False,0.0005,0.0,2025
2025-02-13,13709.134808349609,False,0.0005,0.0,2025
2025-02-14,534.4649904727936,False,0.0005,0.0,2025
2025-02-14,2012.9849618911742,False,0.0005,0.0,2025
2025-02-17,548.4509771347045,False,0.0005,0.0,2025
2025-02-17,383.6159914255142,False,0.0005,0.0,2025
2025-02-17,2043.9539085388183,False,0.0005,0.0,2025
2025-02-19,368.63100571632384,False,0.0005,0.0,2025
2025-02-19,4616.089281463623,False,0.0005,0.0,2025
2025-02-20,1446.5519542694092,False,0.0005,0.0,2025
2025-02-20,579.4200190544128,False,0.0005,0.0,2025
2025-02-20,4571.163930130005,False,0.0005,0.0,2025
2025-02-21,1444.5540038108825,False,0.0005,0.0,2025
2025-02-21,525.4740228652954,False,0.0005,0.0,2025
2025-02-21,5399.594923782349,False,0.0005,0.0,2025
2025-02-21,1009.6493207931518,False,0.0005,0.0,2025
2025-02-24,2075.9220685958862,False,0.0005,0.0,2025
2025-02-24,1003.6553741455078,False,0.0005,0.0,2025
2025-02-26,382.61699237823484,False,0.0005,0.0,2025
2025-02-26,5404.589847564697,False,0.0005,0.0,2025
2025-02-26,4547.518928146362,False,0.0005,0.0,2025
2025-02-26,2111.8859390258785,False,0.0005,0.0,2025
2025-02-26,995.663381767273,False,0.0005,0.0,2025
2025-02-27,580.4189942836762,False,0.0005,0.0,2025
2025-02-27,2137.8599618911744,False,0.0005,0.0,2025
2025-02-27,502.49702095985407,False,0.0005,0.0,2025
2025-02-28,1479.5190419197081,False,0.0005,0.0,2025
2025-02-28,2069.9279314041137,False,0.0005,0.0,2025
2025-02-28,6436.556935214996,False,0.0005,0.0,2025
2025-02-28,10319.670304870606,False,0.0005,0.0,2025
2025-02-28,9528.461963796615,False,0.0005,0.0,2025
2025-03-03,1448.55,False,0.0005,0.0,2025
2025-03-03,42545.41229724884,False,0.0005,0.0,2025
2025-03-03,573.4259771347046,False,0.0005,0.0,2025
2025-03-03,5058.93593902588,False,0.0005,0.0,2025
2025-03-03,2073.9240228652952,False,0.0005,0.0,2025
2025-03-03,494.50498094558714,False,0.0005,0.0,2025
2025-03-03,996.6623093605042,False,0.0005,0.0,2025
2025-03-04,746.5527049541473,False,0.0005,0.0,2025
2025-03-04,1005.6533246040343,False,0.0005,0.0,2025
2025-03-05,1468.529980945587,False,0.0005,0.0,2025
2025-03-05,378.6209961891174,False,0.0005,0.0,2025
2025-03-05,494.50498094558714,False,0.0005,0.0,2025
2025-03-06,582.4169923782349,False,0.0005,0.0,2025
2025-03-06,532.4669923782349,False,0.0005,0.0,2025
2025-03-06,376.6229980945587,False,0.0005,0.0,2025
2025-03-06,743.5556839942932,False,0.0005,0.0,2025
2025-03-07,535.464013338089,False,0.0005,0.0,2025
2025-03-10,535.464013338089,False,0.0005,0.0,2025
2025-03-10,761.2379885673523,False,0.0005,0.0,2025
2025-03-10,2217.780076217651,False,0.0005,0.0,2025
2025-03-10,493.50600571632384,False,0.0005,0.0,2025
2025-03-10,1056.6023474693297,False,0.0005,0.0,2025
2025-03-11,6253.739847564698,False,0.0005,0.0,2025
2025-03-11,10321.667588424682,False,0.0005,0.0,2025
2025-03-11,1597.4009771347046,False,0.0005,0.0,2025
2025-03-11,7098.8940181016915,False,0.0005,0.0,2025
2025-03-11,10954.035152435303,False,0.0005,0.0,2025
2025-03-11,8278.013691616057,False,0.0005,0.0,2025
2025-03-11,10384.60459985733,False,0.0005,0.0,2025
2025-03-12,1608.3900381088256,False,0.0005,0.0,2025
2025-03-12,541.4580076217652,False,0.0005,0.0,2025
2025-03-12,5726.267969512939,False,0.0005,0.0,2025
2025-03-12,6450.54296951294,False,0.0005,0.0,2025
2025-03-12,1053.6053741455078,False,0.0005,0.0,2025
2025-03-13,1578.420019054413,False,0.0005,0.0,2025
2025-03-13,6464.5289085388185,False,0.0005,0.0,2025
2025-03-13,766.2330076217652,False,0.0005,0.0,2025
2025-03-13,1052.6063512802123,False,0.0005,0.0,2025
2025-03-14,572.4270019054413,False,0.0005,0.0,2025
2025-03-14,5447.546878051758,False,0.0005,0.0,2025
2025-03-14,814.4846878051759,False,0.0005,0.0,2025
2025-03-17,1589.4089847564696,False,0.0005,0.0,2025
2025-03-17,581.4180171489716,False,0.0005,0.0,2025
2025-03-17,547.4520019054413,False,0.0005,0.0,2025
2025-03-17,5667.32695426941,False,0.0005,0.0,2025
2025-03-17,2255.741992378235,False,0.0005,0.0,2025
2025-03-17,6638.354695129395,False,0.0005,0.0,2025
2025-03-17,512.4870114326477,False,0.0005,0.0,2025
2025-03-17,1710.2880838394165,False,0.0005,0.0,2025
2025-03-17,1057.6013703346252,False,0.0005,0.0,2025
2025-03-18,1590.4080076217651,False,0.0005,0.0,2025
2025-03-18,552.4470209598542,False,0.0005,0.0,2025
2025-03-18,407.5919923782348,False,0.0005,0.0,2025
2025-03-18,5624.369923782348,False,0.0005,0.0,2025
2025-03-18,513.485986661911,False,0.0005,0.0,2025
2025-03-18,1051.607328414917,False,0.0005,0.0,2025
2025-03-19,1621.3769542694092,False,0.0005,0.0,2025
2025-03-19,5565.428908538818,False,0.0005,0.0,2025
2025-03-19,31725.940932655336,False,0.0005,0.0,2025
2025-03-19,1084.5743207931519,False,0.0005,0.0,2025
2025-03-20,838.1610342979432,False,0.0005,0.0,2025
2025-03-20,1064.5943398475647,False,0.0005,0.0,2025
2025-03-21,1913.0849618911743,False,0.0005,0.0,2025
2025-03-21,545.4540038108826,False,0.0005,0.0,2025
2025-03-21,2349.6480457305906,False,0.0005,0.0,2025
2025-03-21,5808.185748481751,False,0.0005,0.0,2025
2025-03-21,2961.035939025879,False,0.0005,0.0,2025
2025-03-24,5294.700000000001,False,0.0005,0.0,2025
2025-03-24,39832.12735977173,False,0.0005,0.0,2025
2025-03-24,516.4830076217651,False,0.0005,0.0,2025
2025-03-24,42467.4885137558,False,0.0005,0.0,2025
2025-03-24,747.2520019054413,False,0.0005,0.0,2025
2025-03-25,392.6070066690445,False,0.0005,0.0,2025
2025-03-27,1582.4160152435302,False,0.0005,0.0,2025
2025-03-27,740.2589847564698,False,0.0005,0.0,2025
2025-03-27,1001.657328414917,False,0.0005,0.0,2025
2025-03-28,593.4060057163239,False,0.0005,0.0,2025
2025-03-28,565.4339847564697,False,0.0005,0.0,2025
2025-03-28,514.4850095272064,False,0.0005,0.0,2025
2025-03-28,993.6653360366821,False,0.0005,0.0,2025
2025-04-01,1516.4820304870607,False,0.0005,0.0,2025
2025-04-01,47926.02773966789,False,0.0005,0.0,2025
2025-04-01,555.4439942836761,False,0.0005,0.0,2025
2025-04-01,1598.4,False,0.0005,0.0,2025
2025-04-01,4995.0,False,0.0005,0.0,2025
2025-04-01,4313.682030487061,False,0.0005,0.0,2025
2025-04-01,50752.19911694527,False,0.0005,0.0,2025
2025-04-01,2157.8399428367616,False,0.0005,0.0,2025
2025-04-01,43413.584127044676,False,0.0005,0.0,2025
2025-04-02,583.4160152435302,False,0.0005,0.0,2025
2025-04-02,2227.7699237823485,False,0.0005,0.0,2025
2025-04-02,733.2660152435302,False,0.0005,0.0,2025
2025-04-02,1138.8599618911742,False,0.0005,0.0,2025
2025-04-02,4922.073045730591,False,0.0005,0.0,2025
2025-04-03,749.25,False,0.0005,0.0,2025
2025-04-08,2141.856053352356,False,0.0005,0.0,2025
2025-04-08,625.3740228652954,False,0.0005,0.0,2025
2025-04-08,3946.05,False,0.0005,0.0,2025
2025-04-08,2711.571374130249,False,0.0005,0.0,2025
2025-04-08,1763.2349618911742,False,0.0005,0.0,2025
2025-04-08,26064.90922293663,False,0.0005,0.0,2025
2025-04-08,24413.56248779297,False,0.0005,0.0,2025
2025-04-10,1377.6209961891175,False,0.0005,0.0,2025
2025-04-10,645.3540038108825,False,0.0005,0.0,2025
2025-04-10,4425.569923782348,False,0.0005,0.0,2025
2025-04-10,2585.411916160583,False,0.0005,0.0,2025
2025-04-10,2938.487137413025,False,0.0005,0.0,2025
2025-04-10,1873.125,False,0.0005,0.0,2025
2025-04-10,1902.0960914611817,False,0.0005,0.0,2025
2025-04-10,1890.1080076217654,False,0.0005,0.0,2025
2025-04-10,4305.689847564698,False,0.0005,0.0,2025
2025-04-11,1358.6400381088258,False,0.0005,0.0,2025
2025-04-11,962.0370114326477,False,0.0005,0.0,2025
2025-04-11,4445.55,False,0.0005,0.0,2025
2025-04-11,2515.4820304870605,False,0.0005,0.0,2025
2025-04-11,2909.9441986083984,False,0.0005,0.0,2025
2025-04-11,1869.1289085388185,False,0.0005,0.0,2025
2025-04-11,1852.1460914611814,False,0.0005,0.0,2025
2025-04-11,1846.151954269409,False,0.0005,0.0,2025
2025-04-11,4280.714847564697,False,0.0005,0.0,2025
2025-04-14,1388.6099618911744,False,0.0005,0.0,2025
2025-04-14,327.67199714183806,False,0.0005,0.0,2025
2025-04-14,1286.7120114326476,False,0.0005,0.0,2025
2025-04-14,5029.224393081666,False,0.0005,0.0,2025
2025-04-14,1265.7330076217652,False,0.0005,0.0,2025
2025-04-14,3031.9650381088254,False,0.0005,0.0,2025
2025-04-14,1903.0949237823486,False,0.0005,0.0,2025
2025-04-14,969.0299809455871,False,0.0005,0.0,2025
2025-04-14,2009.9880838394163,False,0.0005,0.0,2025
2025-04-14,4531.464060974121,False,0.0005,0.0,2025
2025-04-15,1287.7110342979431,False,0.0005,0.0,2025
2025-04-15,3017.6936639785763,False,0.0005,0.0,2025
2025-04-16,1944.0539085388184,False,0.0005,0.0,2025
2025-04-17,1931.066992378235,False,0.0005,0.0,2025
2025-04-18,1242.7559580802917,False,0.0005,0.0,2025
2025-04-21,4284.710939025878,False,0.0005,0.0,2025
2025-04-21,5633.531666564942,False,0.0005,0.0,2025
2025-04-21,3032.678625869751,False,0.0005,0.0,2025
2025-04-21,1931.066992378235,False,0.0005,0.0,2025
2025-04-21,977.021973323822,False,0.0005,0.0,2025
2025-04-22,3376.620114326477,False,0.0005,0.0,2025
2025-04-22,4465.530076217651,False,0.0005,0.0,2025
2025-04-22,5174.819923782348,False,0.0005,0.0,2025
2025-04-22,10979.732695770264,False,0.0005,0.0,2025
2025-04-22,10309.679695129395,False,0.0005,0.0,2025
2025-04-22,6365.057251739502,False,0.0005,0.0,2025
2025-04-22,5871.123045730591,False,0.0005,0.0,2025
2025-04-22,5820.174022865295,False,0.0005,0.0,2025
2025-04-22,6047.946091461182,False,0.0005,0.0,2025
2025-04-22,4839.1558628082275,False,0.0005,0.0,2025
2025-04-23,12386.00171585083,False,0.0005,0.0,2025
2025-04-23,346.6530028581619,False,0.0005,0.0,2025
2025-04-23,1297.7009771347045,False,0.0005,0.0,2025
2025-04-23,5584.731028747558,False,0.0005,0.0,2025
2025-04-23,1312.686034297943,False,0.0005,0.0,2025
2025-04-23,3246.75,False,0.0005,0.0,2025
2025-04-23,2571.4259771347047,False,0.0005,0.0,2025
2025-04-23,1969.0289085388183,False,0.0005,0.0,2025
2025-04-23,979.0200190544128,False,0.0005,0.0,2025
2025-04-23,2042.9550762176514,False,0.0005,0.0,2025
2025-04-24,12235.485573577882,False,0.0005,0.0,2025
2025-04-24,349.65000000000003,False,0.0005,0.0,2025
2025-04-24,1315.6830076217652,False,0.0005,0.0,2025
2025-04-25,12152.901461791993,False,0.0005,0.0,2025
2025-04-25,703.2959961891174,False,0.0005,0.0,2025
2025-04-25,1352.6459961891173,False,0.0005,0.0,2025
2025-04-25,5463.413487625123,False,0.0005,0.0,2025
2025-04-25,1318.6799809455872,False,0.0005,0.0,2025
2025-04-25,3318.1072517395014,False,0.0005,0.0,2025
2025-04-25,964.0349618911744,False,0.0005,0.0,2025
2025-04-25,2074.9230457305907,False,0.0005,0.0,2025
2025-04-25,4865.130076217652,False,0.0005,0.0,2025
2025-04-28,360.6389895200729,False,0.0005,0.0,2025
2025-04-28,1350.6480457305909,False,0.0005,0.0,2025
2025-04-28,1330.6679695129394,False,0.0005,0.0,2025
2025-04-28,2062.934961891174,False,0.0005,0.0,2025
2025-04-28,2065.9320304870603,False,0.0005,0.0,2025
2025-04-28,2097.9,False,0.0005,0.0,2025
2025-04-28,4919.0761676788325,False,0.0005,0.0,2025
2025-04-29,1355.6429695129393,False,0.0005,0.0,2025
2025-04-29,3294.5594272613525,False,0.0005,0.0,2025
2025-04-30,1376.621973323822,False,0.0005,0.0,2025
2025-04-30,2421.5759771347043,False,0.0005,0.0,2025
2025-04-30,2121.8759771347045,False,0.0005,0.0,2025
2025-05-06,11819.901969909668,False,0.0005,0.0,2025
2025-05-06,5426.470792007446,False,0.0005,0.0,2025
2025-05-06,1391.6070304870605,False,0.0005,0.0,2025
2025-05-06,3460.8213741302493,False,0.0005,0.0,2025
2025-05-06,2446.5509771347047,False,0.0005,0.0,2025
2025-05-06,2143.8539085388184,False,0.0005,0.0,2025
2025-05-06,2117.8800762176515,False,0.0005,0.0,2025
2025-05-07,370.6290038108825,False,0.0005,0.0,2025
2025-05-07,1448.55,False,0.0005,0.0,2025
2025-05-07,5705.136625671387,False,0.0005,0.0,2025
2025-05-07,1433.5650381088258,False,0.0005,0.0,2025
2025-05-07,3675.6065265655516,False,0.0005,0.0,2025
2025-05-07,2222.775,False,0.0005,0.0,2025
2025-05-07,1091.9070304870604,False,0.0005,0.0,2025
2025-05-07,2178.8189466476438,False,0.0005,0.0,2025
2025-05-08,1433.5650381088258,False,0.0005,0.0,2025
2025-05-08,2191.806053352356,False,0.0005,0.0,2025
2025-05-09,21743.23534297943,False,0.0005,0.0,2025
2025-05-09,3616.3800762176515,False,0.0005,0.0,2025
2025-05-09,2476.5210914611816,False,0.0005,0.0,2025
2025-05-09,1425.073534297943,False,0.0005,0.0,2025
2025-05-12,378.6209961891174,False,0.0005,0.0,2025
2025-05-12,5750.744506072998,False,0.0005,0.0,2025
2025-05-12,1444.5540038108825,False,0.0005,0.0,2025
2025-05-12,2474.5230457305906,False,0.0005,0.0,2025
2025-05-12,2210.786916160583,False,0.0005,0.0,2025
2025-05-12,1097.9009771347046,False,0.0005,0.0,2025
2025-05-12,2222.775,False,0.0005,0.0,2025
2025-05-12,1389.1094733238222,False,0.0005,0.0,2025
2025-05-13,380.61899428367616,False,0.0005,0.0,2025
2025-05-13,17320.64648208618,False,0.0005,0.0,2025
2025-05-13,1443.5549809455872,False,0.0005,0.0,2025
2025-05-13,72601.32445278169,False,0.0005,0.0,2025
2025-05-13,8935.056243896484,False,0.0005,0.0,2025
2025-05-13,1101.896973323822,False,0.0005,0.0,2025
2025-05-13,2242.755076217651,False,0.0005,0.0,2025
2025-05-13,1419.0794923782348,False,0.0005,0.0,2025
2025-05-14,380.61899428367616,False,0.0005,0.0,2025
2025-05-14,1431.5669923782348,False,0.0005,0.0,2025
2025-05-14,1086.912011432648,False,0.0005,0.0,2025
2025-05-15,2175.822068595886,False,0.0005,0.0,2025
2025-05-16,1480.5179695129395,False,0.0005,0.0,2025
2025-05-16,1069.9290038108825,False,0.0005,0.0,2025
2025-05-19,1144.8539799928665,False,0.0005,0.0,2025
2025-05-19,2903.093946647644,False,0.0005,0.0,2025
2025-05-19,2163.83398475647,False,0.0005,0.0,2025
2025-05-19,2170.826954269409,False,0.0005,0.0,2025
2025-05-19,4176.319625759125,False,0.0005,0.0,2025
2025-05-20,395.60400381088255,False,0.0005,0.0,2025
2025-05-20,1454.5440419197082,False,0.0005,0.0,2025
2025-05-20,2488.937137413025,False,0.0005,0.0,2025
2025-05-20,1097.9009771347046,False,0.0005,0.0,2025
2025-05-20,3206.789847564697,False,0.0005,0.0,2025
2025-05-20,1373.1254885673525,False,0.0005,0.0,2025
2025-05-20,6018.775309753418,False,0.0005,0.0,2025
2025-05-21,2491.791488456726,False,0.0005,0.0,2025
2025-05-21,26078.895876502993,False,0.0005,0.0,2025
2025-05-21,2205.791992378235,False,0.0005,0.0,2025
2025-05-22,394.60500476360323,False,0.0005,0.0,2025
2025-05-22,5820.973355484009,False,0.0005,0.0,2025
2025-05-23,2363.3485496521,False,0.0005,0.0,2025
2025-05-23,771.2279790401459,False,0.0005,0.0,2025
2025-05-26,1445.553026676178,False,0.0005,0.0,2025
2025-05-26,2355.4992748260497,False,0.0005,0.0,2025
2025-05-26,2127.8699237823485,False,0.0005,0.0,2025
2025-05-26,5617.177264022827,False,0.0005,0.0,2025
2025-05-27,7297.694828510284,False,0.0005,0.0,2025
2025-05-27,9556.1485496521,False,0.0005,0.0,2025
2025-05-27,12195.792182922363,False,0.0005,0.0,2025
2025-05-27,5369.625,False,0.0005,0.0,2025
2025-05-27,2133.864060974121,False,0.0005,0.0,2025
2025-05-27,12619.36796951294,False,0.0005,0.0,2025
2025-05-27,14840.644625759125,False,0.0005,0.0,2025
2025-05-27,5524.270233535766,False,0.0005,0.0,2025
2025-05-28,3332.664060974121,False,0.0005,0.0,2025
2025-05-28,815.1839847564696,False,0.0005,0.0,2025
2025-05-28,1463.5349618911744,False,0.0005,0.0,2025
2025-05-28,945.2076776504516,False,0.0005,0.0,2025
2025-05-28,39650.31053352356,False,0.0005,0.0,2025
2025-05-28,3119.876954269409,False,0.0005,0.0,2025
2025-05-28,1362.1365228652953,False,0.0005,0.0,2025
2025-05-28,5621.173355484008,False,0.0005,0.0,2025
2025-05-29,3393.6031219482425,False,0.0005,0.0,2025
2025-05-29,407.5919923782348,False,0.0005,0.0,2025
2025-05-29,1451.546973323822,False,0.0005,0.0,2025
2025-05-29,2366.202900695801,False,0.0005,0.0,2025
2025-05-29,1339.1594733238219,False,0.0005,0.0,2025
2025-05-30,35094.87106704712,False,0.0005,0.0,2025
2025-05-30,405.5939942836761,False,0.0005,0.0,2025
2025-05-30,1474.5240228652954,False,0.0005,0.0,2025
2025-05-30,781.2180171489715,False,0.0005,0.0,2025
2025-05-30,1100.8980457305909,False,0.0005,0.0,2025
2025-05-30,939.828426361084,False,0.0005,0.0,2025
2025-06-03,804.1950190544128,False,0.0005,0.0,2025
2025-06-03,1068.9299809455872,False,0.0005,0.0,2025
2025-06-04,403.5959961891174,False,0.0005,0.0,2025
2025-06-04,6149.9508419036865,False,0.0005,0.0,2025
2025-06-04,1472.5259771347046,False,0.0005,0.0,2025
2025-06-04,816.1830076217651,False,0.0005,0.0,2025
2025-06-04,1084.9139657020569,False,0.0005,0.0,2025
2025-06-04,1425.073534297943,False,0.0005,0.0,2025
2025-06-05,18636.34473323822,False,0.0005,0.0,2025
2025-06-05,1497.5009771347047,False,0.0005,0.0,2025
2025-06-05,1091.9070304870604,False,0.0005,0.0,2025
2025-06-05,5860.933126831055,False,0.0005,0.0,2025
2025-06-06,7592.4,False,0.0005,0.0,2025
2025-06-06,6152.947719955444,False,0.0005,0.0,2025
2025-06-06,3032.9640609741214,False,0.0005,0.0,2025
2025-06-06,4615.380076217652,False,0.0005,0.0,2025
2025-06-06,6641.352335357667,False,0.0005,0.0,2025
2025-06-06,2213.78398475647,False,0.0005,0.0,2025
2025-06-06,3965.2614212036133,False,0.0005,0.0,2025
2025-06-06,6995.4975571632385,False,0.0005,0.0,2025
2025-06-09,6217.882872390747,False,0.0005,0.0,2025
2025-06-09,1537.4610342979431,False,0.0005,0.0,2025
2025-06-09,999.9990228652955,False,0.0005,0.0,2025
2025-06-09,6188.877864074707,False,0.0005,0.0,2025
2025-06-09,3055.9410152435303,False,0.0005,0.0,2025
2025-06-09,1005.1477157592773,False,0.0005,0.0,2025
2025-06-10,2354.0720993041996,False,0.0005,0.0,2025
2025-06-10,6230.836062240601,False,0.0005,0.0,2025
2025-06-10,1011.2954315185548,False,0.0005,0.0,2025
2025-06-11,6261.838735198975,False,0.0005,0.0,2025
2025-06-11,1525.473045730591,False,0.0005,0.0,2025
2025-06-11,978.0209961891173,False,0.0005,0.0,2025
2025-06-11,667.3319828510284,False,0.0005,0.0,2025
2025-06-11,27593.378622722626,False,0.0005,0.0,2025
2025-06-11,6279.786848831177,False,0.0005,0.0,2025
2025-06-11,1186.8120114326478,False,0.0005,0.0,2025
2025-06-11,1123.875,False,0.0005,0.0,2025
2025-06-11,992.8522842407226,False,0.0005,0.0,2025
2025-06-11,1402.0964847564696,False,0.0005,0.0,2025
2025-06-12,1531.4669923782349,False,0.0005,0.0,2025
2025-06-12,2304.1220993041993,False,0.0005,0.0,2025
2025-06-12,1203.795019054413,False,0.0005,0.0,2025
2025-06-12,3302.6941371917724,False,0.0005,0.0,2025
2025-06-12,3273.7230457305905,False,0.0005,0.0,2025
2025-06-12,1399.0995114326477,False,0.0005,0.0,2025
2025-06-13,6425.674674224854,False,0.0005,0.0,2025
2025-06-13,2290.5643129348755,False,0.0005,0.0,2025
2025-06-13,1111.8870114326476,False,0.0005,0.0,2025
2025-06-16,6294.805918121338,False,0.0005,0.0,2025
2025-06-16,1508.4900381088257,False,0.0005,0.0,2025
2025-06-16,974.4092322349549,False,0.0005,0.0,2025
2025-06-16,1334.1644542694091,False,0.0005,0.0,2025
2025-06-17,8373.617874240876,False,0.0005,0.0,2025
2025-06-17,1528.470019054413,False,0.0005,0.0,2025
2025-06-17,2268.4436639785768,False,0.0005,0.0,2025
2025-06-17,15929.055171489716,False,0.0005,0.0,2025
2025-06-17,12755.231601762773,False,0.0005,0.0,2025
2025-06-17,4767.228121948242,False,0.0005,0.0,2025
2025-06-17,12643.343756103517,False,0.0005,0.0,2025
2025-06-17,2937.0600571632385,False,0.0005,0.0,2025
2025-06-17,13878.107817077636,False,0.0005,0.0,2025
2025-06-17,6700.792480945587,False,0.0005,0.0,2025
2025-06-18,2249.748045730591,False,0.0005,0.0,2025
2025-06-18,1326.1724618911742,False,0.0005,0.0,2025
2025-06-18,4604.356717300415,False,0.0005,0.0,2025
2025-06-19,2735.476087760925,False,0.0005,0.0,2025
2025-06-19,1504.4940419197083,False,0.0005,0.0,2025
2025-06-19,2229.197099304199,False,0.0005,0.0,2025
2025-06-19,934.6343839645385,False,0.0005,0.0,2025
2025-06-19,1159.8389657020568,False,0.0005,0.0,2025
2025-06-20,1156.8419923782349,False,0.0005,0.0,2025
2025-06-20,2696.943301391602,False,0.0005,0.0,2025
2025-06-20,3158.8380838394164,False,0.0005,0.0,2025
2025-06-20,916.6524487495423,False,0.0005,0.0,2025
2025-06-20,657.3419923782349,False,0.0005,0.0,2025
2025-06-20,1166.8320304870604,False,0.0005,0.0,2025
2025-06-20,1160.8379885673523,False,0.0005,0.0,2025
2025-06-20,1288.2105457305909,False,0.0005,0.0,2025
2025-06-23,1453.545019054413,False,0.0005,0.0,2025
2025-06-24,29480.49099082947,False,0.0005,0.0,2025
2025-06-24,376.6229980945587,False,0.0005,0.0,2025
2025-06-24,51018.14198570251,False,0.0005,0.0,2025
2025-06-24,658.3410152435303,False,0.0005,0.0,2025
2025-06-24,1180.8179695129395,False,0.0005,0.0,2025
2025-06-24,1229.7690419197081,False,0.0005,0.0,2025
2025-06-24,1309.1894542694092,False,0.0005,0.0,2025
2025-06-25,390.60900857448576,False,0.0005,0.0,2025
2025-06-25,2869.984236717224,False,0.0005,0.0,2025
2025-06-25,659.3399904727936,False,0.0005,0.0,2025
2025-06-25,1205.7929695129394,False,0.0005,0.0,2025
2025-06-25,3004.991992378235,False,0.0005,0.0,2025
2025-06-25,3436.5601524353024,False,0.0005,0.0,2025
2025-06-25,1343.1554695129394,False,0.0005,0.0,2025
2025-06-25,4687.032290267944,False,0.0005,0.0,2025
2025-06-26,389.6100095272064,False,0.0005,0.0,2025
2025-06-26,1200.798045730591,False,0.0005,0.0,2025
2025-06-26,3194.801954269409,False,0.0005,0.0,2025
2025-06-26,1373.1254885673525,False,0.0005,0.0,2025
2025-06-27,8902.160324478149,False,0.0005,0.0,2025
2025-06-27,5012.981863760948,False,0.0005,0.0,2025
2025-06-27,6703.289847564697,False,0.0005,0.0,2025
2025-06-27,6125.868160057067,False,0.0005,0.0,2025
2025-06-27,6623.370114326477,False,0.0005,0.0,2025
2025-06-27,8825.165919971467,False,0.0005,0.0,2025
2025-06-27,6259.73398475647,False,0.0005,0.0,2025
2025-06-27,1962.6508249282836,False,0.0005,0.0,2025
2025-06-27,7232.760152435303,False,0.0005,0.0,2025
2025-06-27,2704.2929695129396,False,0.0005,0.0,2025
2025-06-30,2980.2311639785767,False,0.0005,0.0,2025
2025-06-30,1065.9330076217652,False,0.0005,0.0,2025
2025-06-30,2441.693816757202,False,0.0005,0.0,2025
2025-06-30,3786.210152435303,False,0.0005,0.0,2025
2025-06-30,4825.169923782349,False,0.0005,0.0,2025
2025-07-01,1621.3769542694092,False,0.0005,0.0,2025
2025-07-01,390.60900857448576,False,0.0005,0.0,2025
2025-07-01,32751.215634155273,False,0.0005,0.0,2025
2025-07-01,24041.934746932984,False,0.0005,0.0,2025
2025-07-01,32805.78137512207,False,0.0005,0.0,2025
2025-07-01,1221.776954269409,False,0.0005,0.0,2025
2025-07-01,1003.6107868194581,False,0.0005,0.0,2025
2025-07-01,3888.107817077637,False,0.0005,0.0,2025
2025-07-01,4830.164847564697,False,0.0005,0.0,2025
2025-07-01,1410.0884771347046,False,0.0005,0.0,2025
2025-07-02,1613.3849618911743,False,0.0005,0.0,2025
2025-07-02,6847.219260406494,False,0.0005,0.0,2025
2025-07-02,29370.6,False,0.0005,0.0,2025
2025-07-02,3843.153121948242,False,0.0005,0.0,2025
2025-07-03,1605.3929695129393,False,0.0005,0.0,2025
2025-07-03,391.6080076217651,False,0.0005,0.0,2025
2025-07-03,663.3359866619111,False,0.0005,0.0,2025
2025-07-03,1283.7150381088256,False,0.0005,0.0,2025
2025-07-03,3181.8150381088253,False,0.0005,0.0,2025
2025-07-03,1007.4531091690064,False,0.0005,0.0,2025
2025-07-03,4565.430076217651,False,0.0005,0.0,2025
2025-07-04,1618.3800762176513,False,0.0005,0.0,2025
2025-07-04,3224.2726524353025,False,0.0005,0.0,2025
2025-07-04,2255.741992378235,False,0.0005,0.0,2025
2025-07-04,3307.6890609741213,False,0.0005,0.0,2025
2025-07-04,4595.4,False,0.0005,0.0,2025
2025-07-07,3193.5889503479,False,0.0005,0.0,2025
2025-07-07,25974.0,False,0.0005,0.0,2025
2025-07-07,1005.1477157592773,False,0.0005,0.0,2025
2025-07-08,4930.065228652954,False,0.0005,0.0,2025
2025-07-08,3187.8804388046265,False,0.0005,0.0,2025
2025-07-08,1953.045042872429,False,0.0005,0.0,2025
2025-07-08,2129.8679695129395,False,0.0005,0.0,2025
2025-07-08,2665.3320304870604,False,0.0005,0.0,2025
2025-07-08,6712.353650665283,False,0.0005,0.0,2025
2025-07-08,3362.6339847564695,False,0.0005,0.0,2025
2025-07-08,1023.5907677650453,False,0.0005,0.0,2025
2025-07-08,3652.3441371917725,False,0.0005,0.0,2025
2025-07-08,4363.632030487061,False,0.0005,0.0,2025
2025-07-08,1434.0644542694092,False,0.0005,0.0,2025
2025-07-09,3494.5019542694095,False,0.0005,0.0,2025
2025-07-09,2434.8626192092893,False,0.0005,0.0,2025
2025-07-09,1301.696973323822,False,0.0005,0.0,2025
2025-07-09,1873.125,False,0.0005,0.0,2025
2025-07-10,3167.18677482605,False,0.0005,0.0,2025
2025-07-10,49010.938323211674,False,0.0005,0.0,2025
2025-07-10,50579.371162319185,False,0.0005,0.0,2025
2025-07-10,6730.3356811523445,False,0.0005,0.0,2025
2025-07-11,1691.3070304870605,False,0.0005,0.0,2025
2025-07-11,3163.6188360214232,False,0.0005,0.0,2025
2025-07-11,1636.3619161605836,False,0.0005,0.0,2025
2025-07-11,394.60500476360323,False,0.0005,0.0,2025
2025-07-11,29296.67383232117,False,0.0005,0.0,2025
2025-07-11,679.3200190544129,False,0.0005,0.0,2025
2025-07-11,1841.1570304870604,False,0.0005,0.0,2025
2025-07-11,7098.966925048828,False,0.0005,0.0,2025
2025-07-11,1492.006541919708,False,0.0005,0.0,2025
2025-07-14,1713.2849618911741,False,0.0005,0.0,2025
2025-07-14,1640.358007621765,False,0.0005,0.0,2025
2025-07-14,693.3060057163239,False,0.0005,0.0,2025
2025-07-14,1846.151954269409,False,0.0005,0.0,2025
2025-07-14,7498.566925048828,False,0.0005,0.0,2025
2025-07-14,3779.2171829223635,False,0.0005,0.0,2025
2025-07-14,4606.389060974121,False,0.0005,0.0,2025
2025-07-15,35097.866039657594,False,0.0005,0.0,2025
2025-07-15,7642.423168945313,False,0.0005,0.0,2025
2025-07-16,2373.923748779297,False,0.0005,0.0,2025
2025-07-16,706.2930171489716,False,0.0005,0.0,2025
2025-07-17,1691.3070304870605,False,0.0005,0.0,2025
2025-07-17,704.2950190544128,False,0.0005,0.0,2025
2025-07-17,1867.131053352356,False,0.0005,0.0,2025
2025-07-18,1699.2990228652952,False,0.0005,0.0,2025
2025-07-18,795.2040038108826,False,0.0005,0.0,2025
2025-07-18,2502.79464969635,False,0.0005,0.0,2025
2025-07-18,1052.9459961891173,False,0.0005,0.0,2025
2025-07-18,1406.5919923782349,False,0.0005,0.0,2025
2025-07-18,3720.2761676788327,False,0.0005,0.0,2025
2025-07-18,4065.9300762176513,False,0.0005,0.0,2025
2025-07-18,1576.9214847564697,False,0.0005,0.0,2025
2025-07-21,1804.193946647644,False,0.0005,0.0,2025
2025-07-21,2457.8397640228272,False,0.0005,0.0,2025
2025-07-21,1150.8480457305907,False,0.0005,0.0,2025
2025-07-21,710.289013338089,False,0.0005,0.0,2025
2025-07-21,1252.346425151825,False,0.0005,0.0,2025
2025-07-22,405.5939942836761,False,0.0005,0.0,2025
2025-07-22,2501.7956268310545,False,0.0005,0.0,2025
2025-07-22,1061.9370114326478,False,0.0005,0.0,2025
2025-07-22,1172.8259771347045,False,0.0005,0.0,2025
2025-07-23,2902.0261373519897,False,0.0005,0.0,2025
2025-07-23,1057.9410152435303,False,0.0005,0.0,2025
2025-07-23,1210.7879885673522,False,0.0005,0.0,2025
2025-07-23,733.2660152435302,False,0.0005,0.0,2025
2025-07-23,1552.945507621765,False,0.0005,0.0,2025
2025-07-24,1057.9410152435303,False,0.0005,0.0,2025
2025-07-24,724.275,False,0.0005,0.0,2025
2025-07-24,1823.1750000000002,False,0.0005,0.0,2025
2025-07-24,1223.3754289627075,False,0.0005,0.0,2025
2025-07-24,1563.934473323822,False,0.0005,0.0,2025
2025-07-25,1844.1539085388183,False,0.0005,0.0,2025
2025-07-25,2915.116518974304,False,0.0005,0.0,2025
2025-07-25,1246.3523832321166,False,0.0005,0.0,2025
2025-07-28,1758.2400381088255,False,0.0005,0.0,2025
2025-07-28,1838.1599618911744,False,0.0005,0.0,2025
2025-07-28,550.4490228652954,False,0.0005,0.0,2025
2025-07-28,1853.1449237823488,False,0.0005,0.0,2025
2025-07-28,1313.2853908538818,False,0.0005,0.0,2025
2025-07-29,9640.349618911743,False,0.0005,0.0,2025
2025-07-29,14041.943756103516,False,0.0005,0.0,2025
2025-07-29,4903.0921829223635,False,0.0005,0.0,2025
2025-07-29,14633.351573181153,False,0.0005,0.0,2025
2025-07-29,9959.230934143066,False,0.0005,0.0,2025
2025-07-29,14995.851488113403,False,0.0005,0.0,2025
2025-07-29,4211.783984756469,False,0.0005,0.0,2025
2025-07-29,13861.125476360321,False,0.0005,0.0,2025
2025-07-29,5658.335939025879,False,0.0005,0.0,2025
2025-07-29,12944.043160057066,False,0.0005,0.0,2025
2025-07-29,6636.357125759125,False,0.0005,0.0,2025
2025-07-29,32984.98126831055,False,0.0005,0.0,2025
2025-07-30,1839.1589847564696,False,0.0005,0.0,2025
2025-07-30,2475.8217945098877,False,0.0005,0.0,2025
2025-07-30,2713.7121374130247,False,0.0005,0.0,2025
2025-07-30,710.289013338089,False,0.0005,0.0,2025
2025-07-30,1852.1460914611814,False,0.0005,0.0,2025
2025-07-30,5381.113667678833,False,0.0005,0.0,2025
2025-07-31,6705.288274383545,False,0.0005,0.0,2025
2025-07-31,6993.000000000001,False,0.0005,0.0,2025
2025-07-31,1067.9309580802917,False,0.0005,0.0,2025
2025-07-31,6184.80898475647,False,0.0005,0.0,2025
2025-08-01,1859.139060974121,False,0.0005,0.0,2025
2025-08-01,1753.2449237823485,False,0.0005,0.0,2025
2025-08-01,1066.9320304870605,False,0.0005,0.0,2025
2025-08-01,1079.9190419197082,False,0.0005,0.0,2025
2025-08-01,1136.8620114326477,False,0.0005,0.0,2025
2025-08-01,1818.1800762176515,False,0.0005,0.0,2025
2025-08-01,4256.7390609741215,False,0.0005,0.0,2025
2025-08-01,6648.345304870605,False,0.0005,0.0,2025
2025-08-04,1779.218946647644,False,0.0005,0.0,2025
2025-08-04,2437.859687805176,False,0.0005,0.0,2025
2025-08-04,5390.104682922363,False,0.0005,0.0,2025
2025-08-05,1883.1150381088257,False,0.0005,0.0,2025
2025-08-05,1848.15,False,0.0005,0.0,2025
2025-08-05,426.5729980945587,False,0.0005,0.0,2025
2025-08-05,1781.2169923782349,False,0.0005,0.0,2025
2025-08-05,6535.457817077637,False,0.0005,0.0,2025
2025-08-05,3062.5549924850466,False,0.0005,0.0,2025
2025-08-05,7592.400000000001,False,0.0005,0.0,2025
2025-08-05,4391.603908538818,False,0.0005,0.0,2025
2025-08-05,1837.160939025879,False,0.0005,0.0,2025
2025-08-06,1828.1699237823484,False,0.0005,0.0,2025
2025-08-06,2610.686642074585,False,0.0005,0.0,2025
2025-08-06,588.410986661911,False,0.0005,0.0,2025
2025-08-06,1846.151954269409,False,0.0005,0.0,2025
2025-08-06,1362.2363679885866,False,0.0005,0.0,2025
2025-08-06,4790.205076217651,False,0.0005,0.0,2025
2025-08-07,1868.1300762176513,False,0.0005,0.0,2025
2025-08-07,699.3000000000001,False,0.0005,0.0,2025
2025-08-07,1878.1199237823487,False,0.0005,0.0,2025
2025-08-07,1382.2164442062378,False,0.0005,0.0,2025
2025-08-07,4741.253908538818,False,0.0005,0.0,2025
2025-08-07,5569.9246067047125,False,0.0005,0.0,2025
2025-08-08,3790.2058628082273,False,0.0005,0.0,2025
2025-08-08,3698.2980457305907,False,0.0005,0.0,2025
2025-08-08,1794.2039085388185,False,0.0005,0.0,2025
2025-08-08,5442.551954269409,False,0.0005,0.0,2025
2025-08-08,2660.636642074585,False,0.0005,0.0,2025
2025-08-08,6312.508610916138,False,0.0005,0.0,2025
2025-08-08,8527.464060974122,False,0.0005,0.0,2025
2025-08-08,5241.752931404114,False,0.0005,0.0,2025
2025-08-08,2085.912011432648,False,0.0005,0.0,2025
2025-08-08,3712.2839847564696,False,0.0005,0.0,2025
2025-08-08,2824.372735977173,False,0.0005,0.0,2025
2025-08-08,14097.887512207031,False,0.0005,0.0,2025
2025-08-08,5861.632423782348,False,0.0005,0.0,2025
2025-08-11,1830.1679695129394,False,0.0005,0.0,2025
2025-08-11,671.3279790401459,False,0.0005,0.0,2025
2025-08-11,484.51499047279356,False,0.0005,0.0,2025
2025-08-11,1823.1750000000002,False,0.0005,0.0,2025
2025-08-11,2863.433710670471,False,0.0005,0.0,2025
2025-08-11,6237.755862808228,False,0.0005,0.0,2025
2025-08-11,2754.3856870651243,False,0.0005,0.0,2025
2025-08-11,37307.65621948242,False,0.0005,0.0,2025
2025-08-11,586.4129885673523,False,0.0005,0.0,2025
2025-08-11,714.2850095272064,False,0.0005,0.0,2025
2025-08-11,1847.1509771347044,False,0.0005,0.0,2025
2025-08-11,1434.1643946647644,False,0.0005,0.0,2025
2025-08-11,5689.804682922363,False,0.0005,0.0,2025
2025-08-12,1918.0800762176514,False,0.0005,0.0,2025
2025-08-12,1836.1619161605834,False,0.0005,0.0,2025
2025-08-12,49650.3,False,0.0005,0.0,2025
2025-08-12,4235.760152435303,False,0.0005,0.0,2025
2025-08-12,3373.9225811004635,False,0.0005,0.0,2025
2025-08-12,6555.438274383545,False,0.0005,0.0,2025
2025-08-12,3163.8330076217653,False,0.0005,0.0,2025
2025-08-12,5080.914060974122,False,0.0005,0.0,2025
2025-08-13,1960.0380838394167,False,0.0005,0.0,2025
2025-08-13,1856.1419923782348,False,0.0005,0.0,2025
2025-08-13,4231.764060974121,False,0.0005,0.0,2025
2025-08-13,2800.7679388046263,False,0.0005,0.0,2025
2025-08-13,712.2870114326477,False,0.0005,0.0,2025
2025-08-13,1858.1400381088258,False,0.0005,0.0,2025
2025-08-13,6715.278121948242,False,0.0005,0.0,2025
2025-08-13,5588.90546951294,False,0.0005,0.0,2025
2025-08-14,1919.0789085388183,False,0.0005,0.0,2025
2025-08-14,1862.135939025879,False,0.0005,0.0,2025
2025-08-14,6875.117969512939,False,0.0005,0.0,2025
2025-08-14,2805.04927482605,False,0.0005,0.0,2025
2025-08-14,712.2870114326477,False,0.0005,0.0,2025
2025-08-14,1860.1380838394164,False,0.0005,0.0,2025
2025-08-14,1791.8064823150632,False,0.0005,0.0,2025
2025-08-14,5555.439060974121,False,0.0005,0.0,2025
2025-08-14,6973.020304870606,False,0.0005,0.0,2025
2025-08-15,1877.1210914611818,False,0.0005,0.0,2025
2025-08-15,3138.3412519454955,False,0.0005,0.0,2025
2025-08-15,6764.228908538818,False,0.0005,0.0,2025
2025-08-18,2073.9240228652952,False,0.0005,0.0,2025
2025-08-18,1998.0,False,0.0005,0.0,2025
2025-08-18,1882.1160152435305,False,0.0005,0.0,2025
2025-08-18,3214.1273208618168,False,0.0005,0.0,2025
2025-08-18,2760.8077863693234,False,0.0005,0.0,2025
2025-08-18,603.3959961891175,False,0.0005,0.0,2025
2025-08-18,704.2950190544128,False,0.0005,0.0,2025
2025-08-18,5449.544923782349,False,0.0005,0.0,2025
2025-08-19,2007.9900381088257,False,0.0005,0.0,2025
2025-08-19,2185.8119161605837,False,0.0005,0.0,2025
2025-08-19,947.0519542694092,False,0.0005,0.0,2025
2025-08-19,4300.694923782348,False,0.0005,0.0,2025
2025-08-19,7455.5367256164545,False,0.0005,0.0,2025
2025-08-19,3329.8737327575686,False,0.0005,0.0,2025
2025-08-19,2761.521374130249,False,0.0005,0.0,2025
2025-08-19,3311.6850571632385,False,0.0005,0.0,2025
2025-08-19,1846.151954269409,False,0.0005,0.0,2025
2025-08-19,705.2939942836762,False,0.0005,0.0,2025
2025-08-19,1723.874451828003,False,0.0005,0.0,2025
2025-08-19,5054.939847564698,False,0.0005,0.0,2025
2025-08-19,7226.765634155274,False,0.0005,0.0,2025
2025-08-20,658.3410152435303,False,0.0005,0.0,2025
2025-08-20,702.2970209598541,False,0.0005,0.0,2025
2025-08-21,4985.010152435303,False,0.0005,0.0,2025
2025-08-21,489.5100095272064,False,0.0005,0.0,2025
2025-08-21,4619.376167678833,False,0.0005,0.0,2025
2025-08-21,3407.7266338348386,False,0.0005,0.0,2025
2025-08-21,2825.7429388046266,False,0.0005,0.0,2025
2025-08-21,2797.0001192092896,False,0.0005,0.0,2025
2025-08-21,3097.8990228652956,False,0.0005,0.0,2025
2025-08-21,5036.957817077637,False,0.0005,0.0,2025
2025-08-22,483.51601524353026,False,0.0005,0.0,2025
2025-08-22,2786.496374130249,False,0.0005,0.0,2025
2025-08-22,2782.015157318115,False,0.0005,0.0,2025
2025-08-22,1152.8459961891174,False,0.0005,0.0,2025
2025-08-22,5499.994530487061,False,0.0005,0.0,2025
2025-08-25,1909.0890609741211,False,0.0005,0.0,2025
2025-08-25,4793.201954269409,False,0.0005,0.0,2025
2025-08-25,7554.438274383546,False,0.0005,0.0,2025
2025-08-25,2845.9512868881225,False,0.0005,0.0,2025
2025-08-25,653.3459961891174,False,0.0005,0.0,2025
2025-08-25,753.2459961891174,False,0.0005,0.0,2025
2025-08-25,3100.8960914611816,False,0.0005,0.0,2025
2025-08-25,5288.705862808227,False,0.0005,0.0,2025
2025-08-25,7792.2,False,0.0005,0.0,2025
2025-08-25,6242.251560974121,False,0.0005,0.0,2025
2025-08-26,3006.7901573181152,False,0.0005,0.0,2025
2025-08-26,6179.314454269409,False,0.0005,0.0,2025
2025-08-27,477.5220209598541,False,0.0005,0.0,2025
2025-08-27,2014.983007621765,False,0.0005,0.0,2025
2025-08-27,4820.174999999999,False,0.0005,0.0,2025
2025-08-27,2957.8391801834105,False,0.0005,0.0,2025
2025-08-27,699.3000000000001,False,0.0005,0.0,2025
2025-08-27,7874.1179695129385,False,0.0005,0.0,2025
2025-08-28,463.535986661911,False,0.0005,0.0,2025
2025-08-28,9872.11796951294,False,0.0005,0.0,2025
2025-08-28,2653.058511543274,False,0.0005,0.0,2025
2025-08-28,682.3169923782349,False,0.0005,0.0,2025
2025-08-28,737.2620114326477,False,0.0005,0.0,2025
2025-08-28,4975.019923782349,False,0.0005,0.0,2025
2025-08-29,9088.902335357667,False,0.0005,0.0,2025
2025-08-29,456.54301714897156,False,0.0005,0.0,2025
2025-08-29,8467.524213409424,False,0.0005,0.0,2025
2025-08-29,10683.306243896484,False,0.0005,0.0,2025
2025-08-29,2585.2691986083987,False,0.0005,0.0,2025
2025-08-29,5931.662345123291,False,0.0005,0.0,2025
2025-08-29,2148.8490228652954,False,0.0005,0.0,2025
2025-08-29,742.2569828510285,False,0.0005,0.0,2025
2025-08-29,6343.650000000001,False,0.0005,0.0,2025
2025-09-01,4461.53398475647,False,0.0005,0.0,2025
2025-09-01,454.5450190544129,False,0.0005,0.0,2025
2025-09-01,4530.464847564697,False,0.0005,0.0,2025
2025-09-01,2997.799142074585,False,0.0005,0.0,2025
2025-09-01,698.3009771347046,False,0.0005,0.0,2025
2025-09-01,3310.685939025879,False,0.0005,0.0,2025
2025-09-02,4485.510152435302,False,0.0005,0.0,2025
2025-09-02,453.54599618911743,False,0.0005,0.0,2025
2025-09-02,4555.439847564697,False,0.0005,0.0,2025
2025-09-02,3023.77316493988,False,0.0005,0.0,2025
2025-09-02,1118.879980945587,False,0.0005,0.0,2025
2025-09-02,680.3189942836761,False,0.0005,0.0,2025
2025-09-02,6114.379682922363,False,0.0005,0.0,2025
2025-09-03,4555.439847564697,False,0.0005,0.0,2025
2025-09-03,2058.9390609741213,False,0.0005,0.0,2025
2025-09-03,2691.591488456726,False,0.0005,0.0,2025
2025-09-03,1094.9040038108826,False,0.0005,0.0,2025
2025-09-03,3124.872068595886,False,0.0005,0.0,2025
2025-09-03,4752.242969512939,False,0.0005,0.0,2025
2025-09-03,2694.3029314041137,False,0.0005,0.0,2025
2025-09-04,440.5589847564697,False,0.0005,0.0,2025
2025-09-04,4490.505076217652,False,0.0005,0.0,2025
2025-09-04,679.3200190544129,False,0.0005,0.0,2025
2025-09-04,3060.9359390258787,False,0.0005,0.0,2025
2025-09-04,4710.285152435303,False,0.0005,0.0,2025
2025-09-04,2620.3769542694095,False,0.0005,0.0,2025
2025-09-04,5324.170317077637,False,0.0005,0.0,2025
2025-09-05,437.5620114326477,False,0.0005,0.0,2025
2025-09-05,4600.394923782348,False,0.0005,0.0,2025
2025-09-05,2740.827900695801,False,0.0005,0.0,2025
2025-09-05,2853.9432792663574,False,0.0005,0.0,2025
2025-09-05,1058.9400381088258,False,0.0005,0.0,2025
2025-09-05,2964.033007621765,False,0.0005,0.0,2025
2025-09-05,4369.626167678834,False,0.0005,0.0,2025
2025-09-05,2631.3660152435305,False,0.0005,0.0,2025
2025-09-05,5190.304682922363,False,0.0005,0.0,2025
2025-09-08,446.5529790401459,False,0.0005,0.0,2025
2025-09-08,4796.198832321167,False,0.0005,0.0,2025
2025-09-08,3118.3070611953735,False,0.0005,0.0,2025
2025-09-08,2912.8842945098877,False,0.0005,0.0,2025
2025-09-08,727.2720209598541,False,0.0005,0.0,2025
2025-09-08,3032.9640609741214,False,0.0005,0.0,2025
2025-09-08,4508.487106704712,False,0.0005,0.0,2025
2025-09-08,2750.247068595886,False,0.0005,0.0,2025
2025-09-09,4681.314060974121,False,0.0005,0.0,2025
2025-09-09,447.5520019054413,False,0.0005,0.0,2025
2025-09-09,12509.478503036498,False,0.0005,0.0,2025
2025-09-09,14121.863679885864,False,0.0005,0.0,2025
2025-09-09,3033.3922136306765,False,0.0005,0.0,2025
2025-09-09,18154.82628736496,False,0.0005,0.0,2025
2025-09-09,2841.156053352356,False,0.0005,0.0,2025
2025-09-09,6255.737893295288,False,0.0005,0.0,2025
2025-09-09,4379.6160152435305,False,0.0005,0.0,2025
2025-09-09,13576.410152435303,False,0.0005,0.0,2025
2025-09-09,5350.14453048706,False,0.0005,0.0,2025
2025-09-10,4612.382817077637,False,0.0005,0.0,2025
2025-09-10,3047.9490228652953,False,0.0005,0.0,2025
2025-09-10,8009.982030487061,False,0.0005,0.0,2025
2025-09-10,2649.3480457305905,False,0.0005,0.0,2025
2025-09-10,5189.305469512939,False,0.0005,0.0,2025
2025-09-11,3014.78214969635,False,0.0005,0.0,2025
2025-09-11,3057.9390609741213,False,0.0005,0.0,2025
2025-09-12,4593.4019542694095,False,0.0005,0.0,2025
2025-09-12,2352.6449237823485,False,0.0005,0.0,2025
2025-09-12,2945.051954269409,False,0.0005,0.0,2025
2025-09-12,616.3830076217652,False,0.0005,0.0,2025
2025-09-12,1082.9160152435304,False,0.0005,0.0,2025
2025-09-12,12727.260152435301,False,0.0005,0.0,2025
2025-09-12,4806.189060974121,False,0.0005,0.0,2025
2025-09-12,2632.3650381088255,False,0.0005,0.0,2025
2025-09-15,4655.339847564697,False,0.0005,0.0,2025
2025-09-15,4835.160152435303,False,0.0005,0.0,2025
2025-09-15,6554.153244781494,False,0.0005,0.0,2025
2025-09-15,25334.64060974121,False,0.0005,0.0,2025
2025-09-15,9013.977335357666,False,0.0005,0.0,2025
2025-09-15,2598.399022865295,False,0.0005,0.0,2025
2025-09-15,3586.4101524353023,False,0.0005,0.0,2025
2025-09-16,2453.543946647644,False,0.0005,0.0,2025
2025-09-16,2873.1240228652955,False,0.0005,0.0,2025
2025-09-16,6609.0985496521,False,0.0005,0.0,2025
2025-09-16,2955.84113445282,False,0.0005,0.0,2025
2025-09-16,3656.339847564697,False,0.0005,0.0,2025
2025-09-17,3059.9369161605837,False,0.0005,0.0,2025
2025-09-17,8064.784046173095,False,0.0005,0.0,2025
2025-09-17,2988.437137413025,False,0.0005,0.0,2025
2025-09-17,2937.8592945098876,False,0.0005,0.0,2025
2025-09-17,1084.9139657020569,False,0.0005,0.0,2025
2025-09-18,4759.235939025879,False,0.0005,0.0,2025
2025-09-18,7848.5720993042,False,0.0005,0.0,2025
2025-09-18,2969.170648956299,False,0.0005,0.0,2025
2025-09-18,762.2370114326477,False,0.0005,0.0,2025
2025-09-19,9298.692182922363,False,0.0005,0.0,2025
2025-09-19,4675.319923782349,False,0.0005,0.0,2025
2025-09-19,5984.010152435302,False,0.0005,0.0,2025
2025-09-19,8039.095648956298,False,0.0005,0.0,2025
2025-09-19,5729.864299392701,False,0.0005,0.0,2025
2025-09-19,12887.1,False,0.0005,0.0,2025
2025-09-19,2490.507125759125,False,0.0005,0.0,2025
2025-09-19,18301.679695129395,False,0.0005,0.0,2025
2025-09-19,7747.245114326477,False,0.0005,0.0,2025
2025-09-19,15224.759390258789,False,0.0005,0.0,2025
2025-09-22,2313.6839847564697,False,0.0005,0.0,2025
2025-09-22,2793.632061195374,False,0.0005,0.0,2025
2025-09-22,2925.8712106704716,False,0.0005,0.0,2025
2025-09-22,1734.264060974121,False,0.0005,0.0,2025
2025-09-22,9331.659365844725,False,0.0005,0.0,2025
2025-09-22,3823.1730457305907,False,0.0005,0.0,2025
2025-09-22,6389.104682922363,False,0.0005,0.0,2025
2025-09-23,4632.362893295288,False,0.0005,0.0,2025
2025-09-23,8916.074999999999,False,0.0005,0.0,2025
2025-09-23,9714.275786590577,False,0.0005,0.0,2025
2025-09-23,768.2310057163239,False,0.0005,0.0,2025
2025-09-23,11220.76796951294,False,0.0005,0.0,2025
2025-09-23,4845.150000000001,False,0.0005,0.0,2025
2025-09-23,2586.410939025879,False,0.0005,0.0,2025
2025-09-24,12317.670304870606,False,0.0005,0.0,2025
2025-09-25,2351.6460914611816,False,0.0005,0.0,2025
2025-09-25,2938.0589847564697,False,0.0005,0.0,2025
2025-09-25,9715.275,False,0.0005,0.0,2025
2025-09-25,1117.8809580802917,False,0.0005,0.0,2025
2025-09-25,5835.1587942123415,False,0.0005,0.0,2025
2025-09-25,3750.2460914611815,False,0.0005,0.0,2025
2025-09-25,6169.324606704712,False,0.0005,0.0,2025
2025-09-26,2533.464060974121,False,0.0005,0.0,2025
2025-09-26,4195.8,False,0.0005,0.0,2025
2025-09-29,2311.6859390258787,False,0.0005,0.0,2025
2025-09-29,2661.621374130249,False,0.0005,0.0,2025
2025-09-29,2945.8512868881226,False,0.0005,0.0,2025
2025-09-29,790.2089847564698,False,0.0005,0.0,2025
2025-09-29,1825.1730457305907,False,0.0005,0.0,2025
2025-09-29,2694.3029314041137,False,0.0005,0.0,2025
2025-09-29,5979.514454269409,False,0.0005,0.0,2025
2025-09-30,6971.022068595887,False,0.0005,0.0,2025
2025-09-30,2920.0769542694093,False,0.0005,0.0,2025
2025-09-30,10914.788397216798,False,0.0005,0.0,2025
2025-09-30,9240.75,False,0.0005,0.0,2025
2025-09-30,3019.7772640228272,False,0.0005,0.0,2025
2025-09-30,13036.950190544128,False,0.0005,0.0,2025
2025-09-30,1650.348045730591,False,0.0005,0.0,2025
2025-09-30,14289.695329284668,False,0.0005,0.0,2025
2025-09-30,13561.425,False,0.0005,0.0,2025
2025-09-30,5408.585939025879,False,0.0005,0.0,2025
2025-09-30,11154.834365844727,False,0.0005,0.0,2025
2025-09-30,12044.94296951294,False,0.0005,0.0,2025
2025-10-09,757.2419923782348,False,0.0005,0.0,2025
2025-10-09,623.3759771347046,False,0.0005,0.0,2025
2025-10-09,2366.631053352356,False,0.0005,0.0,2025
2025-10-09,2762.4348426818847,False,0.0005,0.0,2025
2025-10-09,2947.05,False,0.0005,0.0,2025
2025-10-09,3056.740157318115,False,0.0005,0.0,2025
2025-10-09,33480.48689174652,False,0.0005,0.0,2025
2025-10-09,806.1929695129395,False,0.0005,0.0,2025
2025-10-09,4319.676167678833,False,0.0005,0.0,2025
2025-10-09,4664.330862808228,False,0.0005,0.0,2025
2025-10-09,2803.193946647644,False,0.0005,0.0,2025
2025-10-09,23136.839085388187,False,0.0005,0.0,2025
2025-10-09,6230.263667678833,False,0.0005,0.0,2025
2025-10-10,14415.570185780525,False,0.0005,0.0,2025
2025-10-10,14793.192182922365,False,0.0005,0.0,2025
2025-10-10,15168.815634155275,False,0.0005,0.0,2025
2025-10-10,9524.46620578766,False,0.0005,0.0,2025
2025-10-10,4979.016015243531,False,0.0005,0.0,2025
2025-10-10,18477.50467071533,False,0.0005,0.0,2025
2025-10-10,2859.1380838394166,False,0.0005,0.0,2025
2025-10-10,8170.421139335632,False,0.0005,0.0,2025
2025-10-10,8537.168473434447,False,0.0005,0.0,2025
2025-10-10,8900.090634155273,False,0.0005,0.0,2025
2025-10-10,877.1219733238221,False,0.0005,0.0,2025
2025-10-10,16629.354480171205,False,0.0005,0.0,2025
2025-10-10,8835.156243896485,False,0.0005,0.0,2025
2025-10-10,2954.042969512939,False,0.0005,0.0,2025
2025-10-13,29970.0,False,0.0005,0.0,2025
2025-10-14,648.3509771347045,False,0.0005,0.0,2025
2025-10-14,1571.4269542694092,False,0.0005,0.0,2025
2025-10-14,2389.608007621765,False,0.0005,0.0,2025
2025-10-14,1678.3199237823485,False,0.0005,0.0,2025
2025-10-14,4702.292969512939,False,0.0005,0.0,2025
2025-10-14,2714.283007621765,False,0.0005,0.0,2025
2025-10-14,2664.5328884124756,False,0.0005,0.0,2025
2025-10-14,2797.913587760925,False,0.0005,0.0,2025
2025-10-14,8576.414847564698,False,0.0005,0.0,2025
2025-10-14,837.1620114326478,False,0.0005,0.0,2025
2025-10-14,3048.948045730591,False,0.0005,0.0,2025
2025-10-14,8059.075344085693,False,0.0005,0.0,2025
2025-10-14,6951.042182922363,False,0.0005,0.0,2025
2025-10-14,6227.266408538819,False,0.0005,0.0,2025
2025-10-15,387.6120114326477,False,0.0005,0.0,2025
2025-10-15,1520.478026676178,False,0.0005,0.0,2025
2025-10-15,2246.7509771347045,False,0.0005,0.0,2025
2025-10-15,1725.2730457305909,False,0.0005,0.0,2025
2025-10-15,2608.588751220703,False,0.0005,0.0,2025
2025-10-15,8029.105801391602,False,0.0005,0.0,2025
2025-10-15,6942.0507865905765,False,0.0005,0.0,2025
2025-10-16,2700.8679388046266,False,0.0005,0.0,2025
2025-10-16,8134.714503479005,False,0.0005,0.0,2025
2025-10-16,6923.070304870606,False,0.0005,0.0,2025
2025-10-17,378.6209961891174,False,0.0005,0.0,2025
2025-10-17,4466.5289085388185,False,0.0005,0.0,2025
2025-10-17,2616.5807435989377,False,0.0005,0.0,2025
2025-10-17,4196.798832321167,False,0.0005,0.0,2025
2025-10-17,6769.224213409424,False,0.0005,0.0,2025
2025-10-17,6089.4046829223635,False,0.0005,0.0,2025
2025-10-20,781.2180171489715,False,0.0005,0.0,2025
2025-10-20,643.3560057163238,False,0.0005,0.0,2025
2025-10-20,1854.143946647644,False,0.0005,0.0,2025
2025-10-20,1488.5099618911743,False,0.0005,0.0,2025
2025-10-20,1693.3050762176513,False,0.0005,0.0,2025
2025-10-20,4353.642182922364,False,0.0005,0.0,2025
2025-10-20,2733.463751220703,False,0.0005,0.0,2025
2025-10-20,2683.028625869751,False,0.0005,0.0,2025
2025-10-20,1414.1544030189514,False,0.0005,0.0,2025
2025-10-20,3994.001954269409,False,0.0005,0.0,2025
2025-10-20,8039.095648956298,False,0.0005,0.0,2025
2025-10-20,6588.404695129394,False,0.0005,0.0,2025
2025-10-20,5974.51953048706,False,0.0005,0.0,2025
2025-10-21,6113.879885673522,False,0.0005,0.0,2025
2025-10-21,5727.26689710617,False,0.0005,0.0,2025
2025-10-21,5523.4710914611815,False,0.0005,0.0,2025
2025-10-21,2997.0,False,0.0005,0.0,2025
2025-10-21,4447.54804573059,False,0.0005,0.0,2025
2025-10-21,2683.513751220703,False,0.0005,0.0,2025
2025-10-21,2672.325,False,0.0005,0.0,2025
2025-10-21,7245.5972056388855,False,0.0005,0.0,2025
2025-10-21,7639.353121948243,False,0.0005,0.0,2025
2025-10-21,6254.239454269409,False,0.0005,0.0,2025
2025-10-22,30194.77657198906,False,0.0005,0.0,2025
2025-10-22,54381.45240211487,False,0.0005,0.0,2025
2025-10-22,2689.45072517395,False,0.0005,0.0,2025
2025-10-22,6389.104682922363,False,0.0005,0.0,2025
2025-10-23,6800.192969512939,False,0.0005,0.0,2025
2025-10-23,2610.2441986083986,False,0.0005,0.0,2025
2025-10-23,6239.254682922363,False,0.0005,0.0,2025
2025-10-24,1507.4910152435302,False,0.0005,0.0,2025
2025-10-24,1791.2070304870606,False,0.0005,0.0,2025
2025-10-24,1923.075,False,0.0005,0.0,2025
2025-10-24,2376.6210914611815,False,0.0005,0.0,2025
2025-10-24,7597.395304870605,False,0.0005,0.0,2025
2025-10-24,6913.079695129394,False,0.0005,0.0,2025
2025-10-24,2675.8929388046267,False,0.0005,0.0,2025
2025-10-24,6379.114454269409,False,0.0005,0.0,2025
2025-10-27,1888.1099618911744,False,0.0005,0.0,2025
2025-10-27,1569.4290038108825,False,0.0005,0.0,2025
2025-10-27,1788.209961891174,False,0.0005,0.0,2025
2025-10-27,4332.662893295288,False,0.0005,0.0,2025
2025-10-27,2925.2717588424684,False,0.0005,0.0,2025
2025-10-27,2022.975,False,0.0005,0.0,2025
2025-10-27,2974.165763282776,False,0.0005,0.0,2025
2025-10-27,1493.0753992080688,False,0.0005,0.0,2025
2025-10-27,2396.6009771347044,False,0.0005,0.0,2025
2025-10-27,7627.364847564698,False,0.0005,0.0,2025
2025-10-27,7145.846878051758,False,0.0005,0.0,2025
2025-10-27,6419.074225616456,False,0.0005,0.0,2025
2025-10-28,1542.0264716148376,False,0.0005,0.0,2025
2025-10-28,2415.5820304870604,False,0.0005,0.0,2025
2025-10-28,7866.125786590576,False,0.0005,0.0,2025
2025-10-28,2649.490763282776,False,0.0005,0.0,2025
2025-10-29,1543.454980945587,False,0.0005,0.0,2025
2025-10-29,3732.2640609741215,False,0.0005,0.0,2025
2025-10-29,4245.75,False,0.0005,0.0,2025
2025-10-29,7382.610152435302,False,0.0005,0.0,2025
2025-10-30,1974.0240228652954,False,0.0005,0.0,2025
2025-10-30,2362.634961891174,False,0.0005,0.0,2025
2025-10-31,5058.93593902588,False,0.0005,0.0,2025
2025-10-31,5610.383794212341,False,0.0005,0.0,2025
2025-10-31,1528.470019054413,False,0.0005,0.0,2025
2025-10-31,8115.875786590575,False,0.0005,0.0,2025
2025-10-31,4118.876954269409,False,0.0005,0.0,2025
2025-10-31,10079.910152435303,False,0.0005,0.0,2025
2025-10-31,6252.021901702881,False,0.0005,0.0,2025
2025-10-31,6965.027931404114,False,0.0005,0.0,2025
2025-10-31,7924.924465370178,False,0.0005,0.0,2025
2025-11-03,657.3419923782349,False,0.0005,0.0,2025
2025-11-03,1933.0650381088258,False,0.0005,0.0,2025
2025-11-03,1547.4509771347045,False,0.0005,0.0,2025
2025-11-03,2899.098045730591,False,0.0005,0.0,2025
2025-11-03,4254.7410152435305,False,0.0005,0.0,2025
2025-11-03,1587.9804754257202,False,0.0005,0.0,2025
2025-11-03,640.6087404727936,False,0.0005,0.0,2025
2025-11-03,1387.611034297943,False,0.0005,0.0,2025
2025-11-03,6713.279695129394,False,0.0005,0.0,2025
2025-11-03,2683.028625869751,False,0.0005,0.0,2025
2025-11-06,1908.0900381088256,False,0.0005,0.0,2025
2025-11-06,1531.4669923782349,False,0.0005,0.0,2025
2025-11-06,2007.9900381088257,False,0.0005,0.0,2025
2025-11-06,1618.9494220733643,False,0.0005,0.0,2025
2025-11-06,6590.403121948242,False,0.0005,0.0,2025
2025-11-07,1544.4540038108826,False,0.0005,0.0,2025
2025-11-07,2951.0460914611817,False,0.0005,0.0,2025
2025-11-07,2040.9570304870606,False,0.0005,0.0,2025
2025-11-07,1363.6349618911743,False,0.0005,0.0,2025
2025-11-07,6544.4492134094235,False,0.0005,0.0,2025
2025-11-10,4457.537893295288,False,0.0005,0.0,2025
2025-11-10,1923.075,False,0.0005,0.0,2025
2025-11-10,491.50800762176516,False,0.0005,0.0,2025
2025-11-10,1385.6129885673522,False,0.0005,0.0,2025
2025-11-10,6483.510152435302,False,0.0005,0.0,2025
2025-11-10,25136.26797580719,False,0.0005,0.0,2025
2025-11-11,2701.2960914611817,False,0.0005,0.0,2025
2025-11-11,1905.0929695129394,False,0.0005,0.0,2025
2025-11-11,4157.837893295288,False,0.0005,0.0,2025
2025-11-11,5924.069923782348,False,0.0005,0.0,2025
2025-11-11,4377.617969512939,False,0.0005,0.0,2025
2025-11-11,3728.2679695129395,False,0.0005,0.0,2025
2025-11-11,2602.395019054413,False,0.0005,0.0,2025
2025-11-11,3181.9548974990844,False,0.0005,0.0,2025
2025-11-11,5810.433835744858,False,0.0005,0.0,2025
2025-11-11,4123.872068595886,False,0.0005,0.0,2025
2025-11-11,4785.210152435302,False,0.0005,0.0,2025
2025-11-11,6353.6398475646965,False,0.0005,0.0,2025
2025-11-12,1821.1769542694092,False,0.0005,0.0,2025
2025-11-12,1383.6150381088255,False,0.0005,0.0,2025
2025-11-12,2342.6550762176516,False,0.0005,0.0,2025
2025-11-13,1878.1199237823487,False,0.0005,0.0,2025
2025-11-13,527.4720209598541,False,0.0005,0.0,2025
2025-11-13,1409.5889657020568,False,0.0005,0.0,2025
2025-11-13,2320.676954269409,False,0.0005,0.0,2025
2025-11-13,6091.9019542694095,False,0.0005,0.0,2025
2025-11-14,705.2939942836762,False,0.0005,0.0,2025
2025-11-17,2520.476954269409,False,0.0005,0.0,2025
2025-11-17,1875.1230457305908,False,0.0005,0.0,2025
2025-11-17,1580.9874106407167,False,0.0005,0.0,2025
2025-11-17,2319.6779314041137,False,0.0005,0.0,2025
2025-11-18,24723.252525901797,False,0.0005,0.0,2025
2025-11-18,1356.6419923782348,False,0.0005,0.0,2025
2025-11-19,20307.672640228273,False,0.0005,0.0,2025
2025-11-19,1938.0599618911742,False,0.0005,0.0,2025
2025-11-19,4149.8460914611815,False,0.0005,0.0,2025
2025-11-19,1545.0234449386596,False,0.0005,0.0,2025
2025-11-19,2261.735939025879,False,0.0005,0.0,2025
2025-11-19,6170.823045730591,False,0.0005,0.0,2025
2025-11-20,1926.0720685958863,False,0.0005,0.0,2025
2025-11-20,1960.0380838394167,False,0.0005,0.0,2025
2025-11-20,4155.839847564697,False,0.0005,0.0,2025
2025-11-20,1731.2669923782348,False,0.0005,0.0,2025
2025-11-20,1501.0673915863038,False,0.0005,0.0,2025
2025-11-20,577.4220209598541,False,0.0005,0.0,2025
2025-11-20,629.7862627029419,False,0.0005,0.0,2025
2025-11-20,1333.6650381088257,False,0.0005,0.0,2025
2025-11-20,2260.7369161605834,False,0.0005,0.0,2025
2025-11-20,6210.7828170776365,False,0.0005,0.0,2025
2025-11-21,1849.1490228652954,False,0.0005,0.0,2025
2025-11-21,9640.349618911743,False,0.0005,0.0,2025
2025-11-21,14335.650381088257,False,0.0005,0.0,2025
2025-11-21,8199.792182922363,False,0.0005,0.0,2025
2025-11-21,6549.443756103516,False,0.0005,0.0,2025
2025-11-21,4548.157346248627,False,0.0005,0.0,2025
2025-11-21,37532.43136239052,False,0.0005,0.0,2025
2025-11-21,13672.14743013382,False,0.0005,0.0,2025
2025-11-21,7858.133794212341,False,0.0005,0.0,2025
2025-11-21,4385.610152435303,False,0.0005,0.0,2025
2025-11-24,1885.1130838394165,False,0.0005,0.0,2025
2025-11-24,31758.209580802915,False,0.0005,0.0,2025
2025-11-24,3984.012106704712,False,0.0005,0.0,2025
2025-11-24,1591.4070304870606,False,0.0005,0.0,2025
2025-11-24,854.145019054413,False,0.0005,0.0,2025
2025-11-24,1488.0804754257201,False,0.0005,0.0,2025
2025-11-24,1652.4278348922728,False,0.0005,0.0,2025
2025-11-24,561.4379885673522,False,0.0005,0.0,2025
2025-11-24,603.1462404727936,False,0.0005,0.0,2025
2025-11-24,1278.720019054413,False,0.0005,0.0,2025
2025-11-24,2160.8369161605838,False,0.0005,0.0,2025
2025-11-25,1949.0490228652955,False,0.0005,0.0,2025
2025-11-25,4027.9679695129394,False,0.0005,0.0,2025
2025-11-25,1703.2949237823486,False,0.0005,0.0,2025
2025-11-25,114437.44947481155,False,0.0005,0.0,2025
2025-11-25,1499.069441127777,False,0.0005,0.0,2025
2025-11-25,1675.4049797058105,False,0.0005,0.0,2025
2025-11-25,557.4419923782348,False,0.0005,0.0,2025
2025-11-25,614.8012531757355,False,0.0005,0.0,2025
2025-11-25,1273.725,False,0.0005,0.0,2025
2025-11-25,2152.844923782349,False,0.0005,0.0,2025
2025-11-26,1984.014060974121,False,0.0005,0.0,2025
2025-11-26,616.4662277698517,False,0.0005,0.0,2025
2025-11-27,1473.0954182624816,False,0.0005,0.0,2025
2025-11-27,5194.046779060363,False,0.0005,0.0,2025
2025-11-27,620.6287595272064,False,0.0005,0.0,2025
2025-11-28,1876.122068595886,False,0.0005,0.0,2025
2025-11-28,4088.9070304870606,False,0.0005,0.0,2025
2025-11-28,1486.0824296951296,False,0.0005,0.0,2025
2025-11-28,1730.3499034881593,False,0.0005,0.0,2025
2025-11-28,1316.6820304870605,False,0.0005,0.0,2025
2025-12-01,1937.060939025879,False,0.0005,0.0,2025
2025-12-01,4142.853121948242,False,0.0005,0.0,2025
2025-12-01,1863.134961891174,False,0.0005,0.0,2025
2025-12-01,1507.061433506012,False,0.0005,0.0,2025
2025-12-01,3556.603715515137,False,0.0005,0.0,2025
2025-12-02,4083.9121067047117,False,0.0005,0.0,2025
2025-12-02,4187.807817077637,False,0.0005,0.0,2025
2025-12-02,1866.1320304870608,False,0.0005,0.0,2025
2025-12-02,1507.061433506012,False,0.0005,0.0,2025
2025-12-02,15645.077062797547,False,0.0005,0.0,2025
2025-12-02,16136.847497320176,False,0.0005,0.0,2025
2025-12-02,6197.962722301483,False,0.0005,0.0,2025
2025-12-02,3968.027931404114,False,0.0005,0.0,2025
2025-12-02,2205.791992378235,False,0.0005,0.0,2025
2025-12-03,2017.9800762176512,False,0.0005,0.0,2025
2025-12-03,1804.193946647644,False,0.0005,0.0,2025
2025-12-03,1507.061433506012,False,0.0005,0.0,2025
2025-12-03,561.4379885673522,False,0.0005,0.0,2025
2025-12-03,1317.6809580802917,False,0.0005,0.0,2025
2025-12-04,1704.3758806228639,False,0.0005,0.0,2025
2025-12-05,1797.2009771347048,False,0.0005,0.0,2025
2025-12-05,16730.253121948244,False,0.0005,0.0,2025
2025-12-05,1321.6769542694092,False,0.0005,0.0,2025
2025-12-05,6471.521878051757,False,0.0005,0.0,2025
2025-12-08,16842.140634155276,False,0.0005,0.0,2025
2025-12-08,1507.061433506012,False,0.0005,0.0,2025
2025-12-08,1724.355956840515,False,0.0005,0.0,2025
2025-12-08,565.4339847564697,False,0.0005,0.0,2025
2025-12-08,618.13125,False,0.0005,0.0,2025
2025-12-08,1327.6709961891174,False,0.0005,0.0,2025
2025-12-08,2177.8199237823487,False,0.0005,0.0,2025
2025-12-08,6521.471878051757,False,0.0005,0.0,2025
2025-12-09,6941.052335357666,False,0.0005,0.0,2025
2025-12-10,1665.4149415969848,False,0.0005,0.0,2025
2025-12-10,2182.815038108826,False,0.0005,0.0,2025
2025-12-11,16792.19063415527,False,0.0005,0.0,2025
2025-12-11,1672.4079111099243,False,0.0005,0.0,2025
2025-12-11,611.471256351471,False,0.0005,0.0,2025
2025-12-11,1299.6990228652955,False,0.0005,0.0,2025
2025-12-12,4195.8,False,0.0005,0.0,2025
2025-12-12,1728.2699237823485,False,0.0005,0.0,2025
2025-12-12,32927.04060974121,False,0.0005,0.0,2025
2025-12-12,21754.290141677855,False,0.0005,0.0,2025
2025-12-12,22732.245781230926,False,0.0005,0.0,2025
2025-12-12,7840.9011261463165,False,0.0005,0.0,2025
2025-12-12,2569.4279314041137,False,0.0005,0.0,2025
2025-12-12,31613.35545730591,False,0.0005,0.0,2025
2025-12-15,2169.8279314041138,False,0.0005,0.0,2025
2025-12-16,1802.2778348922727,False,0.0005,0.0,2025
2025-12-16,553.4459961891175,False,0.0005,0.0,2025
2025-12-16,1280.7179695129394,False,0.0005,0.0,2025
2025-12-16,6212.7808628082275,False,0.0005,0.0,2025
2025-12-17,2137.8599618911744,False,0.0005,0.0,2025
2025-12-17,16763.220304870607,False,0.0005,0.0,2025
2025-12-17,1810.2698272705077,False,0.0005,0.0,2025
2025-12-17,1269.7290038108824,False,0.0005,0.0,2025
2025-12-17,5062.932030487061,False,0.0005,0.0,2025
2025-12-18,1920.1598653793337,False,0.0005,0.0,2025
2025-12-19,4577.41796951294,False,0.0005,0.0,2025
2025-12-19,17012.970304870607,False,0.0005,0.0,2025
2025-12-19,628.9537277698516,False,0.0005,0.0,2025
2025-12-19,2174.823045730591,False,0.0005,0.0,2025
2025-12-19,6091.9019542694095,False,0.0005,0.0,2025
2025-12-22,53149.09415130615,False,0.0005,0.0,2025
2025-12-22,559.4399904727935,False,0.0005,0.0,2025
2025-12-22,1332.6660152435302,False,0.0005,0.0,2025
2025-12-22,93686.21725616456,False,0.0005,0.0,2025
2025-12-22,5998.994923782348,False,0.0005,0.0,2025
2025-12-23,1740.2580076217653,False,0.0005,0.0,2025
2025-12-23,6120.873188638687,False,0.0005,0.0,2025
2025-12-23,2599.0649745941164,False,0.0005,0.0,2025
2025-12-23,10839.150381088257,False,0.0005,0.0,2025
2025-12-23,6463.529695129394,False,0.0005,0.0,2025
2025-12-24,1735.2630838394166,False,0.0005,0.0,2025
2025-12-24,1326.6719733238222,False,0.0005,0.0,2025
2025-12-24,6690.303121948242,False,0.0005,0.0,2025
2025-12-25,1326.6719733238222,False,0.0005,0.0,2025
2025-12-25,103428.471018219,False,0.0005,0.0,2025
2025-12-25,7075.917182922363,False,0.0005,0.0,2025
2025-12-26,12067.920304870606,False,0.0005,0.0,2025
2025-12-26,628.1212404727936,False,0.0005,0.0,2025
2025-12-26,1330.6679695129394,False,0.0005,0.0,2025
2025-12-29,11948.039847564698,False,0.0005,0.0,2025
2025-12-29,625.6237309455871,False,0.0005,0.0,2025
2025-12-29,1328.6700190544127,False,0.0005,0.0,2025
2025-12-29,8454.536725616455,False,0.0005,0.0,2025
2025-12-30,8351.639847564697,False,0.0005,0.0,2025
2025-12-31,12185.802335357666,False,0.0005,0.0,2025
2025-12-31,1315.6830076217652,False,0.0005,0.0,2025
2026-01-05,11854.134365844726,False,0.0005,0.0,2026
2026-01-05,51554.39185066223,False,0.0005,0.0,2026
2026-01-05,16266.217004585265,False,0.0005,0.0,2026
2026-01-05,130351.52101821899,False,0.0005,0.0,2026
2026-01-05,8050.940634155273,False,0.0005,0.0,2026
2026-01-06,12408.578908538819,False,0.0005,0.0,2026
2026-01-07,1895.7023832321165,False,0.0005,0.0,2026
2026-01-07,3286.7101524353025,False,0.0005,0.0,2026
2026-01-07,13006.979695129394,False,0.0005,0.0,2026
2026-01-07,1236.6620710372924,False,0.0005,0.0,2026
2026-01-07,4967.028121948242,False,0.0005,0.0,2026
2026-01-07,7849.14296951294,False,0.0005,0.0,2026
2026-01-08,1843.754337501526,False,0.0005,0.0,2026
2026-01-08,3358.6378932952884,False,0.0005,0.0,2026
2026-01-08,1234.664120578766,False,0.0005,0.0,2026
2026-01-09,1652.3460914611817,False,0.0005,0.0,2026
2026-01-09,1886.7113679885865,False,0.0005,0.0,2026
2026-01-09,3583.412893295288,False,0.0005,0.0,2026
2026-01-09,1255.6431243896486,False,0.0005,0.0,2026
2026-01-09,7660.33203048706,False,0.0005,0.0,2026
2026-01-12,1659.339060974121,False,0.0005,0.0,2026
2026-01-12,3552.4441371917724,False,0.0005,0.0,2026
2026-01-12,1265.6330672264098,False,0.0005,0.0,2026
2026-01-12,5900.0941371917725,False,0.0005,0.0,2026
2026-01-13,1660.3380838394166,False,0.0005,0.0,2026
2026-01-13,1926.6713298797608,False,0.0005,0.0,2026
2026-01-13,3573.4230457305907,False,0.0005,0.0,2026
2026-01-13,1259.6391205787659,False,0.0005,0.0,2026
2026-01-13,7460.53203048706,False,0.0005,0.0,2026
2026-01-14,12599.388274383544,False,0.0005,0.0,2026
2026-01-14,13058.928121948242,False,0.0005,0.0,2026
2026-01-14,1253.6450786590576,False,0.0005,0.0,2026
2026-01-14,5790.203908538818,False,0.0005,0.0,2026
2026-01-15,13699.28748779297,False,0.0005,0.0,2026
2026-01-16,21649.32909908295,False,0.0005,0.0,2026
2026-01-16,13993.992182922364,False,0.0005,0.0,2026
2026-01-16,1964.6334365844727,False,0.0005,0.0,2026
2026-01-19,1690.3080076217652,False,0.0005,0.0,2026
2026-01-20,13931.054695129396,False,0.0005,0.0,2026
2026-01-20,1987.6103908538819,False,0.0005,0.0,2026
2026-01-20,4006.9890609741205,False,0.0005,0.0,2026
2026-01-20,957.7412893295287,False,0.0005,0.0,2026
2026-01-20,1311.5870710372924,False,0.0005,0.0,2026
2026-01-22,16409.57345123291,False,0.0005,0.0,2026
2026-01-22,2024.573474693298,False,0.0005,0.0,2026
2026-01-22,3839.1570304870606,False,0.0005,0.0,2026
2026-01-22,16599.384365844726,False,0.0005,0.0,2026
2026-01-22,1340.55806722641,False,0.0005,0.0,2026
2026-01-23,1726.2720685958861,False,0.0005,0.0,2026
2026-01-23,2055.5424213409424,False,0.0005,0.0,2026
2026-01-23,3955.0410152435306,False,0.0005,0.0,2026
2026-01-23,16384.59845123291,False,0.0005,0.0,2026
2026-01-23,965.7332817077636,False,0.0005,0.0,2026
2026-01-23,1355.5431243896485,False,0.0005,0.0,2026
2026-01-26,1726.2720685958861,False,0.0005,0.0,2026
2026-01-26,2054.5433984756473,False,0.0005,0.0,2026
2026-01-26,4278.7171829223635,False,0.0005,0.0,2026
2026-01-26,1345.5530862808228,False,0.0005,0.0,2026
2026-01-27,16623.35939025879,False,0.0005,0.0,2026
2026-01-27,4091.1047664642333,False,0.0005,0.0,2026
2026-01-27,4569.426167678833,False,0.0005,0.0,2026
2026-01-27,5362.23226890564,False,0.0005,0.0,2026
2026-01-28,978.7202931404114,False,0.0005,0.0,2026
2026-01-28,5499.494923782348,False,0.0005,0.0,2026
2026-01-29,3520.0478244781493,False,0.0005,0.0,2026
2026-01-29,2014.5834365844728,False,0.0005,0.0,2026
2026-01-29,1332.566074848175,False,0.0005,0.0,2026
2026-01-30,986.7122855186462,False,0.0005,0.0,2026
2026-01-30,904.0950190544129,False,0.0005,0.0,2026
2026-02-02,917.0820304870606,False,0.0005,0.0,2026
2026-02-03,67623.30993747711,False,0.0005,0.0,2026
2026-02-03,47022.93121948242,False,0.0005,0.0,2026
2026-02-03,2053.5443756103514,False,0.0005,0.0,2026
2026-02-03,75183.74177742004,False,0.0005,0.0,2026
2026-02-03,942.7563274383544,False,0.0005,0.0,2026
2026-02-03,889.1099618911744,False,0.0005,0.0,2026
2026-02-03,1331.5671472549438,False,0.0005,0.0,2026
2026-02-03,68558.37418899535,False,0.0005,0.0,2026
2026-02-04,2075.5223070144652,False,0.0005,0.0,2026
2026-02-04,946.7523236274719,False,0.0005,0.0,2026
2026-02-04,1334.564120578766,False,0.0005,0.0,2026
2026-02-05,2086.5113679885867,False,0.0005,0.0,2026
2026-02-05,962.7363083839416,False,0.0005,0.0,2026
2026-02-05,904.0950190544129,False,0.0005,0.0,2026
2026-02-06,6253.539966773987,False,0.0005,0.0,2026
2026-02-06,10392.297056865693,False,0.0005,0.0,2026
2026-02-06,8163.827931404114,False,0.0005,0.0,2026
2026-02-06,10716.473117065429,False,0.0005,0.0,2026
2026-02-09,65724.21091461182,False,0.0005,0.0,2026
2026-02-09,33687.87874145508,False,0.0005,0.0,2026
2026-02-09,1829.2689823150636,False,0.0005,0.0,2026
2026-02-09,1276.7219733238219,False,0.0005,0.0,2026
2026-02-09,951.7473426818848,False,0.0005,0.0,2026
2026-02-09,908.0910152435303,False,0.0005,0.0,2026
2026-02-09,1371.5271091461182,False,0.0005,0.0,2026
2026-02-09,4625.369923782348,False,0.0005,0.0,2026
2026-02-10,1833.2648832321165,False,0.0005,0.0,2026
2026-02-10,633.3660152435302,False,0.0005,0.0,2026
2026-02-10,2457.5400381088257,False,0.0005,0.0,2026
2026-02-10,1373.5250596046449,False,0.0005,0.0,2026
2026-02-10,60142.79878349304,False,0.0005,0.0,2026
2026-02-11,1692.306053352356,False,0.0005,0.0,2026
2026-02-11,1837.2609746932983,False,0.0005,0.0,2026
2026-02-12,637.3620114326477,False,0.0005,0.0,2026
2026-02-13,1812.2859746932984,False,0.0005,0.0,2026
2026-02-13,2429.5679695129393,False,0.0005,0.0,2026
2026-02-13,914.0849618911742,False,0.0005,0.0,2026
2026-02-13,1345.5530862808228,False,0.0005,0.0,2026
2026-02-24,1638.3599618911742,False,0.0005,0.0,2026
2026-02-24,1798.2998451232909,False,0.0005,0.0,2026
2026-02-24,630.3689942836762,False,0.0005,0.0,2026
2026-02-24,2420.5769542694093,False,0.0005,0.0,2026
2026-02-24,2858.238810825348,False,0.0005,0.0,2026
2026-02-24,913.0860342979431,False,0.0005,0.0,2026
2026-02-24,2707.0901573181154,False,0.0005,0.0,2026
2026-02-25,13210.77654876709,False,0.0005,0.0,2026
2026-02-25,12602.085235977172,False,0.0005,0.0,2026
2026-02-25,13846.140419197081,False,0.0005,0.0,2026
2026-02-25,4799.196091461182,False,0.0005,0.0,2026
2026-02-25,16349.533853816985,False,0.0005,0.0,2026
2026-02-25,12090.897544956206,False,0.0005,0.0,2026
2026-02-25,17946.73561706543,False,0.0005,0.0,2026
2026-02-26,39632.32964630127,False,0.0005,0.0,2026
2026-02-26,44789.01167449951,False,0.0005,0.0,2026
2026-02-26,34402.563274383545,False,0.0005,0.0,2026
2026-02-26,1813.2848070144653,False,0.0005,0.0,2026
2026-02-26,634.3649904727936,False,0.0005,0.0,2026
2026-02-26,930.0690419197082,False,0.0005,0.0,2026
2026-02-26,1385.5131434440614,False,0.0005,0.0,2026
2026-02-26,55769.17433309555,False,0.0005,0.0,2026
2026-02-27,2407.590038108826,False,0.0005,0.0,2026
2026-02-27,1387.5110939025878,False,0.0005,0.0,2026
2026-03-02,2402.594923782349,False,0.0005,0.0,2026
2026-03-02,50502.74860467911,False,0.0005,0.0,2026
2026-03-02,10465.22467803955,False,0.0005,0.0,2026
2026-03-03,2432.565038108826,False,0.0005,0.0,2026
2026-03-05,3526.4699237823484,False,0.0005,0.0,2026
2026-03-05,1758.3398832321166,False,0.0005,0.0,2026
2026-03-05,614.3850095272064,False,0.0005,0.0,2026
2026-03-05,2397.6,False,0.0005,0.0,2026
2026-03-05,914.0849618911742,False,0.0005,0.0,2026
2026-03-05,1307.591074848175,False,0.0005,0.0,2026
2026-03-05,8834.014503479004,False,0.0005,0.0,2026
2026-03-05,9376.314525604248,False,0.0005,0.0,2026
2026-03-06,54470.47271347046,False,0.0005,0.0,2026
2026-03-06,2379.6179695129395,False,0.0005,0.0,2026
2026-03-06,8926.778244781493,False,0.0005,0.0,2026
2026-03-09,1766.3318756103515,False,0.0005,0.0,2026
2026-03-09,1254.7440419197083,False,0.0005,0.0,2026
2026-03-09,2406.5910152435304,False,0.0005,0.0,2026
2026-03-09,908.0910152435303,False,0.0005,0.0,2026
2026-03-09,1355.5431243896485,False,0.0005,0.0,2026
2026-03-09,9264.426251220704,False,0.0005,0.0,2026
2026-03-10,2422.5750000000003,False,0.0005,0.0,2026
2026-03-10,2202.0813360214233,False,0.0005,0.0,2026
2026-03-10,1772.3258222579957,False,0.0005,0.0,2026
2026-03-10,631.3680171489716,False,0.0005,0.0,2026
2026-03-10,11446.542182922363,False,0.0005,0.0,2026
2026-03-10,3817.178908538818,False,0.0005,0.0,2026
2026-03-10,905.0940419197083,False,0.0005,0.0,2026
2026-03-10,3180.8160152435303,False,0.0005,0.0,2026
2026-03-10,8598.535496520997,False,0.0005,0.0,2026
2026-03-10,9775.914525604248,False,0.0005,0.0,2026
2026-03-11,105330.56596641541,False,0.0005,0.0,2026
2026-03-11,1779.3189823150633,False,0.0005,0.0,2026
2026-03-11,636.3629885673522,False,0.0005,0.0,2026
2026-03-11,46077.87502441406,False,0.0005,0.0,2026
2026-03-11,3890.1058628082274,False,0.0005,0.0,2026
2026-03-11,908.0910152435303,False,0.0005,0.0,2026
2026-03-11,1417.4811129570007,False,0.0005,0.0,2026
2026-03-11,3324.6718780517576,False,0.0005,0.0,2026
2026-03-12,1778.319959449768,False,0.0005,0.0,2026
2026-03-12,3880.11601524353,False,0.0005,0.0,2026
2026-03-16,3735.260939025879,False,0.0005,0.0,2026
2026-03-16,1383.5150977134704,False,0.0005,0.0,2026
2026-03-16,8305.257595825195,False,0.0005,0.0,2026
2026-03-17,12077.196564674377,False,0.0005,0.0,2026
2026-03-17,5352.941718292236,False,0.0005,0.0,2026
2026-03-17,6967.026167678833,False,0.0005,0.0,2026
2026-03-17,7400.5921829223635,False,0.0005,0.0,2026
2026-03-17,5436.557817077636,False,0.0005,0.0,2026
2026-03-17,7995.39644908905,False,0.0005,0.0,2026
2026-03-17,10090.89845123291,False,0.0005,0.0,2026
2026-03-17,9276.414525604248,False,0.0005,0.0,2026
2026-03-18,2349.790763282776,False,0.0005,0.0,2026
2026-03-18,1789.3088298797607,False,0.0005,0.0,2026
2026-03-18,630.3689942836762,False,0.0005,0.0,2026
2026-03-18,3628.3679695129395,False,0.0005,0.0,2026
2026-03-18,2644.3529314041134,False,0.0005,0.0,2026
2026-03-18,18021.82524719238,False,0.0005,0.0,2026
2026-03-18,1659.339060974121,False,0.0005,0.0,2026
2026-03-18,9060.630159759521,False,0.0005,0.0,2026
2026-03-19,789.2100095272065,False,0.0005,0.0,2026
2026-03-20,2521.7614122390746,False,0.0005,0.0,2026
2026-03-20,1805.2928146362306,False,0.0005,0.0,2026
2026-03-20,617.3819828510284,False,0.0005,0.0,2026
2026-03-20,3545.451167678833,False,0.0005,0.0,2026
2026-03-20,3814.0391223907473,False,0.0005,0.0,2026
2026-03-20,1329.569101524353,False,0.0005,0.0,2026
2026-03-20,3435.560939025879,False,0.0005,0.0,2026
2026-03-20,18247.94929962158,False,0.0005,0.0,2026
2026-03-23,1834.2639060974122,False,0.0005,0.0,2026
2026-03-23,1981.2311639785764,False,0.0005,0.0,2026
2026-03-23,60582.35474395752,False,0.0005,0.0,2026
2026-03-24,1424.5740228652953,False,0.0005,0.0,2026
2026-03-24,2250.604351043701,False,0.0005,0.0,2026
2026-03-24,1751.3469137191773,False,0.0005,0.0,2026
2026-03-24,581.4180171489716,False,0.0005,0.0,2026
2026-03-24,3327.6691371917723,False,0.0005,0.0,2026
2026-03-24,839.1599618911742,False,0.0005,0.0,2026
2026-03-24,1965.5324237823486,False,0.0005,0.0,2026
2026-03-24,1236.6620710372924,False,0.0005,0.0,2026
2026-03-24,2982.0150381088256,False,0.0005,0.0,2026
2026-03-24,2429.5679695129393,False,0.0005,0.0,2026
2026-03-24,7848.5720993042,False,0.0005,0.0,2026
2026-03-25,1775.322890853882,False,0.0005,0.0,2026
2026-03-25,3336.6601524353027,False,0.0005,0.0,2026
2026-03-25,4481.942023086547,False,0.0005,0.0,2026
2026-03-25,1279.619101524353,False,0.0005,0.0,2026
2026-03-25,3127.868946647644,False,0.0005,0.0,2026
2026-03-25,2469.5279314041136,False,0.0005,0.0,2026
2026-03-26,2391.534599304199,False,0.0005,0.0,2026
2026-03-26,3220.776167678833,False,0.0005,0.0,2026
2026-03-26,2469.5279314041136,False,0.0005,0.0,2026
2026-03-27,3476.520019054413,False,0.0005,0.0,2026
2026-03-27,4656.767023086548,False,0.0005,0.0,2026
2026-03-27,1757.3408603668213,False,0.0005,0.0,2026
2026-03-27,2369.627931404114,False,0.0005,0.0,2026
2026-03-27,3274.721878051758,False,0.0005,0.0,2026
2026-03-27,1714.2839847564699,False,0.0005,0.0,2026
2026-03-27,10784.918854522704,False,0.0005,0.0,2026
2026-03-27,2539.2581268310546,False,0.0005,0.0,2026
2026-03-27,3059.9369161605837,False,0.0005,0.0,2026
2026-03-27,4879.1160152435305,False,0.0005,0.0,2026
2026-03-27,7438.982251739501,False,0.0005,0.0,2026
2026-03-30,869.1299809455872,False,0.0005,0.0,2026
2026-03-30,6128.864847564697,False,0.0005,0.0,2026
2026-03-31,2375.479351043701,False,0.0005,0.0,2026
2026-03-31,3126.51322517395,False,0.0005,0.0,2026
2026-03-31,7485.364503479003,False,0.0005,0.0,2026
2026-03-31,3103.8929695129395,False,0.0005,0.0,2026
2026-04-01,40964.99499464035,False,0.0005,0.0,2026
2026-04-01,40895.06367988586,False,0.0005,0.0,2026
2026-04-01,9269.2927482605,False,0.0005,0.0,2026
2026-04-01,4017.4072517395016,False,0.0005,0.0,2026
2026-04-01,2469.6544527053834,False,0.0005,0.0,2026
2026-04-01,37516.0190820694,False,0.0005,0.0,2026
2026-04-01,10975.61389389038,False,0.0005,0.0,2026
2026-04-01,4432.562893295288,False,0.0005,0.0,2026
2026-04-01,26559.413679885867,False,0.0005,0.0,2026
2026-04-01,20265.713298797607,False,0.0005,0.0,2026
2026-04-01,1283.6150977134703,False,0.0005,0.0,2026
2026-04-01,23237.738679885864,False,0.0005,0.0,2026
2026-04-01,44640.316371917725,False,0.0005,0.0,2026
2026-04-01,7855.707595825195,False,0.0005,0.0,2026
2026-04-01,41545.412702751164,False,0.0005,0.0,2026
2026-04-02,4074.492748260498,False,0.0005,0.0,2026
2026-04-02,53848.88346862793,False,0.0005,0.0,2026
2026-04-02,43790.45221252441,False,0.0005,0.0,2026
2026-04-02,1278.6200786590578,False,0.0005,0.0,2026
2026-04-03,4357.6378932952875,False,0.0005,0.0,2026
2026-04-03,7683.736946868896,False,0.0005,0.0,2026
2026-04-07,9262.157251739502,False,0.0005,0.0,2026
2026-04-07,3938.20072517395,False,0.0005,0.0,2026
2026-04-07,4317.678121948242,False,0.0005,0.0,2026
2026-04-07,1219.6790634155275,False,0.0005,0.0,2026
2026-04-08,9519.042748260497,False,0.0005,0.0,2026
2026-04-08,4053.0858776092527,False,0.0005,0.0,2026
2026-04-08,4434.560939025879,False,0.0005,0.0,2026
2026-04-08,1259.6391205787659,False,0.0005,0.0,2026
2026-04-08,7555.294198608398,False,0.0005,0.0,2026
2026-04-09,1883.1150381088257,False,0.0005,0.0,2026
2026-04-10,1827.1710914611817,False,0.0005,0.0,2026
2026-04-10,4406.589060974121,False,0.0005,0.0,2026
2026-04-10,3593.403121948242,False,0.0005,0.0,2026
2026-04-10,10227.6191986084,False,0.0005,0.0,2026
2026-04-10,4181.5286258697515,False,0.0005,0.0,2026
2026-04-10,5311.682817077636,False,0.0005,0.0,2026
2026-04-10,1247.6511320114137,False,0.0005,0.0,2026
2026-04-10,1866.1320304870608,False,0.0005,0.0,2026
2026-04-13,3602.394137191772,False,0.0005,0.0,2026
2026-04-13,10660.757251739502,False,0.0005,0.0,2026
2026-04-13,5483.5109390258785,False,0.0005,0.0,2026
2026-04-13,1896.1019542694094,False,0.0005,0.0,2026
2026-04-14,4298.554351043701,False,0.0005,0.0,2026
2026-04-14,1247.6511320114137,False,0.0005,0.0,2026
2026-04-14,7389.745648956298,False,0.0005,0.0,2026
2026-04-14,1896.1019542694094,False,0.0005,0.0,2026
2026-04-15,1016.7822449684144,False,0.0005,0.0,2026
2026-04-15,4590.405076217651,False,0.0005,0.0,2026
2026-04-15,3598.398045730591,False,0.0005,0.0,2026
2026-04-15,4395.6,False,0.0005,0.0,2026
2026-04-15,1245.6530862808227,False,0.0005,0.0,2026
2026-04-15,7172.820304870605,False,0.0005,0.0,2026
2026-04-15,1955.0429695129396,False,0.0005,0.0,2026
2026-04-16,4294.986602783203,False,0.0005,0.0,2026
2026-04-16,1245.6530862808227,False,0.0005,0.0,2026
2026-04-17,1894.1039085388184,False,0.0005,0.0,2026
2026-04-17,3707.2890609741207,False,0.0005,0.0,2026
2026-04-17,5113.880862808227,False,0.0005,0.0,2026
2026-04-17,2065.9320304870603,False,0.0005,0.0,2026
2026-04-20,5098.896091461182,False,0.0005,0.0,2026
2026-04-20,1250.6481053352356,False,0.0005,0.0,2026
2026-04-21,4405.589847564697,False,0.0005,0.0,2026
2026-04-21,1957.0410152435304,False,0.0005,0.0,2026
2026-04-21,9785.204695129394,False,0.0005,0.0,2026
2026-04-22,1514.4839847564697,False,0.0005,0.0,2026
2026-04-22,1273.340767765045,False,0.0005,0.0,2026
2026-04-22,3446.5499999999997,False,0.0005,0.0,2026
2026-04-22,1278.6200786590578,False,0.0005,0.0,2026
2026-04-23,1493.5049809455872,False,0.0005,0.0,2026
2026-04-23,1017.7811725616455,False,0.0005,0.0,2026
2026-04-23,4636.35898475647,False,0.0005,0.0,2026
2026-04-23,8567.424213409424,False,0.0005,0.0,2026
2026-04-23,2641.356053352356,False,0.0005,0.0,2026
2026-04-23,9830.160152435303,False,0.0005,0.0,2026
2026-04-24,51853.09473323822,False,0.0005,0.0,2026
2026-04-24,7023.769446945191,False,0.0005,0.0,2026
2026-04-24,9120.870304870605,False,0.0005,0.0,2026
2026-04-24,3513.482817077637,False,0.0005,0.0,2026
2026-04-24,5113.880862808227,False,0.0005,0.0,2026
2026-04-24,52233.429388046265,False,0.0005,0.0,2026
2026-04-24,35604.35862808227,False,0.0005,0.0,2026
2026-04-27,2355.242421340942,False,0.0005,0.0,2026
2026-04-27,1824.1740228652955,False,0.0005,0.0,2026
2026-04-27,8971.020304870604,False,0.0005,0.0,2026
2026-04-27,3749.2468780517574,False,0.0005,0.0,2026
2026-04-27,1251.6471282005311,False,0.0005,0.0,2026
2026-04-28,5829.165228652953,False,0.0005,0.0,2026
2026-04-28,9878.111725616454,False,0.0005,0.0,2026
2026-04-28,7598.393756103516,False,0.0005,0.0,2026
2026-04-28,7686.152474784851,False,0.0005,0.0,2026
2026-04-28,7792.2,False,0.0005,0.0,2026
2026-04-28,4992.859427261353,False,0.0005,0.0,2026
2026-04-28,2481.31613445282,False,0.0005,0.0,2026
2026-04-28,14185.800000000001,False,0.0005,0.0,2026
2026-04-28,10188.800786590577,False,0.0005,0.0,2026
2026-04-29,741.258007621765,False,0.0005,0.0,2026
2026-04-29,1918.0800762176514,False,0.0005,0.0,2026
2026-04-29,2649.3480457305905,False,0.0005,0.0,2026
2026-04-29,1266.6320900917053,False,0.0005,0.0,2026
2026-04-30,4821.173832321167,False,0.0005,0.0,2026
2026-04-30,1293.6051358222962,False,0.0005,0.0,2026
2026-04-30,6903.089847564698,False,0.0005,0.0,2026
2026-05-06,3070.9259771347047,False,0.0005,0.0,2026
2026-05-06,1328.6700190544127,False,0.0005,0.0,2026
2026-05-06,1933.0650381088258,False,0.0005,0.0,2026
2026-05-06,5191.803121948242,False,0.0005,0.0,2026
2026-05-06,9358.63203048706,False,0.0005,0.0,2026
2026-05-06,1304.8477157592772,False,0.0005,0.0,2026
2026-05-06,2912.0849618911743,False,0.0005,0.0,2026
2026-05-06,4868.697824478149,False,0.0005,0.0,2026
2026-05-06,694.3049809455872,False,0.0005,0.0,2026
2026-05-06,1301.597128200531,False,0.0005,0.0,2026
2026-05-06,6416.577335357665,False,0.0005,0.0,2026
2026-05-06,9771.218756103515,False,0.0005,0.0,2026
2026-05-07,3038.9580076217653,False,0.0005,0.0,2026
2026-05-07,1143.655195426941,False,0.0005,0.0,2026
2026-05-07,1982.0160152435303,False,0.0005,0.0,2026
2026-05-07,9068.921878051759,False,0.0005,0.0,2026
2026-05-07,36203.76091461182,False,0.0005,0.0,2026
2026-05-07,4990.718473434448,False,0.0005,0.0,2026
2026-05-07,1280.6181243896483,False,0.0005,0.0,2026
2026-05-07,6213.780076217651,False,0.0005,0.0,2026
2026-05-08,23848.12812194824,False,0.0005,0.0,2026
2026-05-08,21815.16360783577,False,0.0005,0.0,2026
2026-05-08,21690.28751220703,False,0.0005,0.0,2026
2026-05-08,25204.3713054657,False,0.0005,0.0,2026
2026-05-08,9545.445304870605,False,0.0005,0.0,2026
2026-05-08,5237.757030487061,False,0.0005,0.0,2026
2026-05-08,26541.43126831055,False,0.0005,0.0,2026
2026-05-08,12812.175000000001,False,0.0005,0.0,2026
2026-05-08,13156.061230659485,False,0.0005,0.0,2026
2026-05-08,8021.97020959854,False,0.0005,0.0,2026
2026-05-08,6155.837893295288,False,0.0005,0.0,2026
2026-05-11,758.2410152435303,False,0.0005,0.0,2026
2026-05-11,1192.8059580802917,False,0.0005,0.0,2026
2026-05-11,8989.002335357667,False,0.0005,0.0,2026
2026-05-11,1345.5761421203613,False,0.0005,0.0,2026
2026-05-11,804.1950190544128,False,0.0005,0.0,2026
2026-05-11,1285.6131434440613,False,0.0005,0.0,2026
2026-05-11,7190.802335357666,False,0.0005,0.0,2026
2026-05-11,6193.8,False,0.0005,0.0,2026
2026-05-12,767.2319828510284,False,0.0005,0.0,2026
2026-05-12,1323.2907677650453,False,0.0005,0.0,2026
2026-05-12,790.2089847564698,False,0.0005,0.0,2026
2026-05-12,7287.704695129395,False,0.0005,0.0,2026
2026-05-13,4209.785939025879,False,0.0005,0.0,2026
2026-05-13,17824.157245445254,False,0.0005,0.0,2026
2026-05-14,2907.090038108826,False,0.0005,0.0,2026
2026-05-14,1193.804980945587,False,0.0005,0.0,2026
2026-05-14,1123.6752144813538,False,0.0005,0.0,2026
2026-05-14,5104.889847564697,False,0.0005,0.0,2026
2026-05-14,10953.03593902588,False,0.0005,0.0,2026
2026-05-14,1305.616180229187,False,0.0005,0.0,2026
2026-05-14,625.3740228652954,False,0.0005,0.0,2026
2026-05-14,1233.6650977134705,False,0.0005,0.0,2026
2026-05-14,7841.150786590576,False,0.0005,0.0,2026
2026-05-15,2930.0669923782348,False,0.0005,0.0,2026
2026-05-15,1636.3619161605836,False,0.0005,0.0,2026
2026-05-15,10593.396091461182,False,0.0005,0.0,2026
2026-05-15,612.3870114326477,False,0.0005,0.0,2026
2026-05-15,2583.128625869751,False,0.0005,0.0,2026
2026-05-15,1209.6891205787658,False,0.0005,0.0,2026
2026-05-15,9385.604695129396,False,0.0005,0.0,2026
2026-05-18,1142.6561725616455,False,0.0005,0.0,2026
2026-05-18,4044.9511676788334,False,0.0005,0.0,2026
2026-05-18,603.3959961891175,False,0.0005,0.0,2026
2026-05-18,2554.5856870651246,False,0.0005,0.0,2026
2026-05-18,11162.825786590576,False,0.0005,0.0,2026
2026-05-19,11452.535939025878,False,0.0005,0.0,2026
2026-05-19,12754.233388710023,False,0.0005,0.0,2026
2026-05-19,11978.009771347046,False,0.0005,0.0,2026
2026-05-19,10293.696091461181,False,0.0005,0.0,2026
2026-05-19,13364.222116470337,False,0.0005,0.0,2026
2026-05-19,4945.05,False,0.0005,0.0,2026
2026-05-19,4873.121878051758,False,0.0005,0.0,2026
2026-05-19,10649.339847564697,False,0.0005,0.0,2026
2026-05-19,3884.112106704712,False,0.0005,0.0,2026
2026-05-19,7690.763261604308,False,0.0005,0.0,2026
2026-05-19,9350.639847564698,False,0.0005,0.0,2026
2026-05-19,7663.757061195373,False,0.0005,0.0,2026
2026-05-19,19371.01029510498,False,0.0005,0.0,2026
2026-05-19,24635.34060974121,False,0.0005,0.0,2026
2026-05-20,2820.176954269409,False,0.0005,0.0,2026
2026-05-20,13270.715634155275,False,0.0005,0.0,2026
2026-05-21,2795.2019542694093,False,0.0005,0.0,2026
2026-05-21,684.3149904727935,False,0.0005,0.0,2026
2026-05-21,1168.8299809455873,False,0.0005,0.0,2026
2026-05-21,1099.6992373466492,False,0.0005,0.0,2026
2026-05-21,1890.1080076217654,False,0.0005,0.0,2026
2026-05-21,1627.3710914611815,False,0.0005,0.0,2026
2026-05-21,11987.286602783202,False,0.0005,0.0,2026
2026-05-21,466.5330076217652,False,0.0005,0.0,2026
2026-05-21,608.3910152435303,False,0.0005,0.0,2026
2026-05-22,2710.2869161605836,False,0.0005,0.0,2026
2026-05-22,711.2879885673524,False,0.0005,0.0,2026
2026-05-22,663.3359866619111,False,0.0005,0.0,2026
2026-05-22,27332.639085388182,False,0.0005,0.0,2026
2026-05-22,5576.41796951294,False,0.0005,0.0,2026
2026-05-22,1065.7332221031188,False,0.0005,0.0,2026
2026-05-22,948.0509771347047,False,0.0005,0.0,2026
2026-05-22,1596.401954269409,False,0.0005,0.0,2026
2026-05-22,10732.827900695802,False,0.0005,0.0,2026
2026-05-22,495.00449237823483,False,0.0005,0.0,2026
2026-05-22,57506.4338906765,False,0.0005,0.0,2026
2026-05-22,23592.38493747711,False,0.0005,0.0,2026
2026-05-22,2630.937862586975,False,0.0005,0.0,2026
2026-05-22,49064.78647499084,False,0.0005,0.0,2026
2026-05-22,26363.60939025879,False,0.0005,0.0,2026
2026-05-25,711.2879885673524,False,0.0005,0.0,2026
2026-05-25,1264.73398475647,False,0.0005,0.0,2026
2026-05-25,5596.398045730591,False,0.0005,0.0,2026
2026-05-25,919.0799809455872,False,0.0005,0.0,2026
2026-05-25,1598.4,False,0.0005,0.0,2026
2026-05-25,4115.880076217652,False,0.0005,0.0,2026
2026-05-25,1270.2669098854064,False,0.0005,0.0,2026
2026-05-25,12376.896755218506,False,0.0005,0.0,2026
2026-05-26,1063.735176372528,False,0.0005,0.0,2026
2026-05-26,949.0500000000001,False,0.0005,0.0,2026
2026-05-26,494.0055171489716,False,0.0005,0.0,2026
2026-05-27,1198.8,False,0.0005,0.0,2026
2026-05-27,1025.7731649398802,False,0.0005,0.0,2026
2026-05-27,12045.085496520996,False,0.0005,0.0,2026
2026-05-28,2576.4210914611817,False,0.0005,0.0,2026
2026-05-28,1190.808007621765,False,0.0005,0.0,2026
2026-05-28,997.8011916160584,False,0.0005,0.0,2026
2026-05-28,1019.9790038108827,False,0.0005,0.0,2026
2026-05-28,1548.45,False,0.0005,0.0,2026
2026-05-28,1258.7400381088257,False,0.0005,0.0,2026
2026-05-29,5078.91601524353,False,0.0005,0.0,2026
2026-05-29,5578.416015243531,False,0.0005,0.0,2026
2026-05-29,10661.328121948241,False,0.0005,0.0,2026
2026-05-29,4871.123832321166,False,0.0005,0.0,2026
2026-05-29,11048.939847564698,False,0.0005,0.0,2026
2026-05-29,4924.070900917053,False,0.0005,0.0,2026
2026-05-29,10229.759771347046,False,0.0005,0.0,2026
2026-05-29,1546.4519542694093,False,0.0005,0.0,2026
2026-05-29,2494.4261421203614,False,0.0005,0.0,2026
2026-05-29,9720.269542694092,False,0.0005,0.0,2026
2026-05-29,5046.37717552185,False,0.0005,0.0,2026
2026-06-01,3332.664060974121,False,0.0005,0.0,2026
2026-06-01,2507.4900381088255,False,0.0005,0.0,2026
2026-06-01,657.3419923782349,False,0.0005,0.0,2026
2026-06-01,1198.8,False,0.0005,0.0,2026
2026-06-01,5834.160152435303,False,0.0005,0.0,2026
2026-06-01,46129.82345123291,False,0.0005,0.0,2026
2026-06-01,1231.8438769340514,False,0.0005,0.0,2026
2026-06-01,54391.98377609253,False,0.0005,0.0,2026
2026-06-01,408.59101524353025,False,0.0005,0.0,2026
2026-06-02,3242.7539085388185,False,0.0005,0.0,2026
2026-06-02,2563.4339847564697,False,0.0005,0.0,2026
2026-06-03,659.3399904727936,False,0.0005,0.0,2026
2026-06-03,11526.922842407226,False,0.0005,0.0,2026
2026-06-03,3610.885545730591,False,0.0005,0.0,2026
2026-06-03,1353.6450190544128,False,0.0005,0.0,2026
2026-06-04,1140.8580076217652,False,0.0005,0.0,2026
2026-06-05,3362.6339847564695,False,0.0005,0.0,2026
2026-06-05,2393.6039085388184,False,0.0005,0.0,2026
2026-06-05,933.8651573181153,False,0.0005,0.0,2026
2026-06-05,2522.475,False,0.0005,0.0,2026
2026-06-05,400.5990228652954,False,0.0005,0.0,2026
2026-06-05,2338.3735496520994,False,0.0005,0.0,2026
2026-06-09,15974.009771347046,False,0.0005,0.0,2026
2026-06-09,2438.5589847564697,False,0.0005,0.0,2026
2026-06-09,6103.89013338089,False,0.0005,0.0,2026
2026-06-09,12487.5,False,0.0005,0.0,2026
2026-06-09,4475.519923782348,False,0.0005,0.0,2026
2026-06-09,11158.829695129394,False,0.0005,0.0,2026
2026-06-09,5423.371401214599,False,0.0005,0.0,2026
2026-06-09,12428.558603668214,False,0.0005,0.0,2026
2026-06-09,20003.976548767092,False,0.0005,0.0,2026
2026-06-09,17275.20704269409,False,0.0005,0.0,2026
2026-06-09,19433.547140049934,False,0.0005,0.0,2026
2026-06-09,4388.464122390747,False,0.0005,0.0,2026
2026-06-09,11193.794828510285,False,0.0005,0.0,2026
2026-06-11,5249.744923782348,False,0.0005,0.0,2026
2026-06-11,2426.1429388046263,False,0.0005,0.0,2026
2026-06-12,2997.0,False,0.0005,0.0,2026
2026-06-12,598.4009771347046,False,0.0005,0.0,2026
2026-06-12,609.3899904727936,False,0.0005,0.0,2026
2026-06-12,1138.8599618911742,False,0.0005,0.0,2026
2026-06-12,885.913203048706,False,0.0005,0.0,2026
2026-06-12,4962.0328170776365,False,0.0005,0.0,2026
2026-06-12,483.01650381088257,False,0.0005,0.0,2026
2026-06-12,2553.4439466476438,False,0.0005,0.0,2026
2026-06-12,3430.0664085388185,False,0.0005,0.0,2026
2026-06-12,1182.8160152435303,False,0.0005,0.0,2026
2026-06-12,13266.720304870605,False,0.0005,0.0,2026
2026-06-15,603.3959961891175,False,0.0005,0.0,2026
2026-06-15,5317.676954269409,False,0.0005,0.0,2026
2026-06-15,913.8851763725281,False,0.0005,0.0,2026
2026-06-15,2818.67851524353,False,0.0005,0.0,2026
2026-06-15,490.00952095985417,False,0.0005,0.0,2026
2026-06-15,2642.3550762176515,False,0.0005,0.0,2026
2026-06-15,3495.001560974121,False,0.0005,0.0,2026
2026-06-15,2397.6,False,0.0005,0.0,2026
2026-06-15,1158.8400381088256,False,0.0005,0.0,2026
2026-06-15,13046.94060974121,False,0.0005,0.0,2026
2026-06-16,615.3839847564698,False,0.0005,0.0,2026
2026-06-16,3551.944530487061,False,0.0005,0.0,2026
2026-06-17,2973.024022865295,False,0.0005,0.0,2026
2026-06-17,1178.8200190544128,False,0.0005,0.0,2026
2026-06-17,5030.964060974121,False,0.0005,0.0,2026
2026-06-17,905.0940419197083,False,0.0005,0.0,2026
2026-06-17,2725.272068595886,False,0.0005,0.0,2026
2026-06-17,397.6020019054413,False,0.0005,0.0,2026
2026-06-18,2985.0119161605835,False,0.0005,0.0,2026
2026-06-18,1295.703026676178,False,0.0005,0.0,2026
2026-06-18,14541.443756103516,False,0.0005,0.0,2026
2026-06-22,6477.515634155273,False,0.0005,0.0,2026
2026-06-22,2361.635939025879,False,0.0005,0.0,2026
2026-06-22,5457.537154340745,False,0.0005,0.0,2026
2026-06-22,1159.8389657020568,False,0.0005,0.0,2026
2026-06-22,1798.1999999999998,False,0.0005,0.0,2026
2026-06-22,31016.452919197083,False,0.0005,0.0,2026
2026-06-22,5700.294137191772,False,0.0005,0.0,2026
2026-06-22,7927.065228652954,False,0.0005,0.0,2026
2026-06-22,7099.892969512939,False,0.0005,0.0,2026
2026-06-22,8286.705100035668,False,0.0005,0.0,2026
2026-06-22,5234.760152435302,False,0.0005,0.0,2026
2026-06-22,29530.440609741207,False,0.0005,0.0,2026
2026-06-23,18869.111725616454,False,0.0005,0.0,2026
2026-06-23,614.3850095272064,False,0.0005,0.0,2026
2026-06-23,111136.25596790314,False,0.0005,0.0,2026
2026-06-23,2867.1300762176515,False,0.0005,0.0,2026
2026-06-23,3709.786332321167,False,0.0005,0.0,2026
2026-06-23,14918.067182922363,False,0.0005,0.0,2026
2026-06-24,107971.91573181153,False,0.0005,0.0,2026
2026-06-24,133758.61123466492,False,0.0005,0.0,2026
2026-06-24,480.01948285102844,False,0.0005,0.0,2026
2026-06-24,815.1839847564696,False,0.0005,0.0,2026
2026-06-25,14405.579695129396,False,0.0005,0.0,2026
2026-06-26,570.4290038108826,False,0.0005,0.0,2026
2026-06-26,997.0019542694091,False,0.0005,0.0,2026
2026-06-29,554.4450190544128,False,0.0005,0.0,2026
2026-06-29,904.0950190544129,False,0.0005,0.0,2026
2026-06-29,2797.2000000000003,False,0.0005,0.0,2026
2026-06-30,948.0509771347047,False,0.0005,0.0,2026
2026-06-30,14357.62812194824,False,0.0005,0.0,2026
2026-07-01,220774.00774383542,False,0.0005,0.0,2026
2026-07-01,598.4009771347046,False,0.0005,0.0,2026
2026-07-01,978.0209961891173,False,0.0005,0.0,2026
2026-07-02,2195.801954269409,False,0.0005,0.0,2026
2026-07-02,1028.970019054413,False,0.0005,0.0,2026
2026-07-02,3483.013667678833,False,0.0005,0.0,2026
2026-07-02,402.59702095985415,False,0.0005,0.0,2026
2026-07-03,6707.2857484817505,False,0.0005,0.0,2026
2026-07-03,573.4259771347046,False,0.0005,0.0,2026
2026-07-03,1042.9559580802918,False,0.0005,0.0,2026
2026-07-03,10249.739657020567,False,0.0005,0.0,2026
2026-07-03,2885.1119161605834,False,0.0005,0.0,2026
2026-07-03,3440.0566371917726,False,0.0005,0.0,2026
2026-07-03,46351.603954982755,False,0.0005,0.0,2026
2026-07-03,1125.8730457305908,False,0.0005,0.0,2026
2026-07-03,15223.76093902588,False,0.0005,0.0,2026
2026-07-06,4547.448045730591,False,0.0005,0.0,2026
2026-07-06,581.4180171489716,False,0.0005,0.0,2026
2026-07-06,594.4049809455872,False,0.0005,0.0,2026
2026-07-06,472.0274904727936,False,0.0005,0.0,2026
2026-07-06,2949.0480457305907,False,0.0005,0.0,2026
2026-07-06,14619.365634155272,False,0.0005,0.0,2026
2026-07-06,15267.717182922363,False,0.0005,0.0,2026
2026-07-07,7324.667826604843,False,0.0005,0.0,2026
2026-07-07,25714.25958080292,False,0.0005,0.0,2026
2026-07-07,16513.470685958862,False,0.0005,0.0,2026
2026-07-08,2252.7449237823485,False,0.0005,0.0,2026
2026-07-08,15162.821878051758,False,0.0005,0.0,2026
2026-07-09,2798.1990228652953,False,0.0005,0.0,2026
2026-07-09,15884.1,False,0.0005,0.0,2026
2026-07-10,4455.539847564697,False,0.0005,0.0,2026
2026-07-13,1929.068946647644,False,0.0005,0.0,2026
2026-07-14,4691.303908538818,False,0.0005,0.0,2026
2026-07-14,5724.269923782349,False,0.0005,0.0,2026
2026-07-14,9680.310152435302,False,0.0005,0.0,2026
2026-07-15,2507.4900381088255,False,0.0005,0.0,2026
2026-07-15,3084.9119161605836,False,0.0005,0.0,2026
2026-07-15,12698.28906097412,False,0.0005,0.0,2026
2026-07-15,3916.0800762176514,False,0.0005,0.0,2026
2026-07-15,3425.571091461182,False,0.0005,0.0,2026
2026-07-15,9521.468756103517,False,0.0005,0.0,2026
2026-07-16,9750.239847564697,False,0.0005,0.0,2026
2026-07-17,9950.039847564698,False,0.0005,0.0,2026
2026-07-20,5084.910152435303,False,0.0005,0.0,2026
2026-07-20,1803.1949237823487,False,0.0005,0.0,2026
2026-07-20,2773.2240228652954,False,0.0005,0.0,2026
2026-07-20,2962.034961891174,False,0.0005,0.0,2026
2026-07-20,1798.1999999999998,False,0.0005,0.0,2026
2026-07-20,2868.1289085388185,False,0.0005,0.0,2026
2026-07-20,9075.914847564696,False,0.0005,0.0,2026
2026-07-21,7720.272068595887,False,0.0005,0.0,2026
2026-07-21,3476.519923782349,False,0.0005,0.0,2026
2026-07-21,1529.968505716324,False,0.0005,0.0,2026
2026-07-21,2847.15,False,0.0005,0.0,2026
2026-07-21,2882.1150381088255,False,0.0005,0.0,2026
2026-07-21,12536.450786590576,False,0.0005,0.0,2026
2026-07-21,3380.6160152435305,False,0.0005,0.0,2026
2026-07-21,2695.301954269409,False,0.0005,0.0,2026
2026-07-22,1735.2630838394166,False,0.0005,0.0,2026
2026-07-23,2585.411916160583,False,0.0005,0.0,2026
2026-07-23,510.48901333808897,False,0.0005,0.0,2026
2026-07-23,2835.1619161605836,False,0.0005,0.0,2026
2026-07-23,12536.450786590576,False,0.0005,0.0,2026
2026-07-24,3203.792969512939,False,0.0005,0.0,2026
2026-07-27,211189.59330654144,False,0.0005,0.0,2026
2026-07-27,51748.200000000004,False,0.0005,0.0,2026
2026-07-27,115908.97700071335,False,0.0005,0.0,2026
2026-07-27,121496.38088722229,False,0.0005,0.0,2026
2026-07-27,28241.729266405106,False,0.0005,0.0,2026
2026-07-27,16963.01954269409,False,0.0005,0.0,2026
2026-07-27,41208.75,False,0.0005,0.0,2026
2026-07-27,12636.350786590576,False,0.0005,0.0,2026
2026-07-27,34615.35,False,0.0005,0.0,2026
2026-07-27,35196.76873168945,False,0.0005,0.0,2026
2026-08-12,61318.62125759125,False,0.0005,0.0,2026
2026-08-12,69269.66055793762,False,0.0005,0.0,2026
2026-08-12,63292.641850662236,False,0.0005,0.0,2026
2026-08-12,64935.0,False,0.0005,0.0,2026
2026-08-12,41043.91408538818,False,0.0005,0.0,2026
2026-08-12,34136.32815856933,False,0.0005,0.0,2026
2026-09-01,8311.679695129395,False,0.0005,0.0,2026
2026-09-01,1503.4950190544128,False,0.0005,0.0,2026
2026-09-01,2107.8900381088256,False,0.0005,0.0,2026
2026-09-03,63672.2625366211,False,0.0005,0.0,2026
2026-09-03,30813.157006072997,False,0.0005,0.0,2026
2026-09-03,33214.75309753418,False,0.0005,0.0,2026
2026-09-03,38441.520495414734,False,0.0005,0.0,2026
2026-09-03,75847.07314338685,False,0.0005,0.0,2026
2026-09-03,64573.35943908692,False,0.0005,0.0,2026
2026-09-15,9033.957030487061,False,0.0005,0.0,2026
2026-09-15,3116.880076217651,False,0.0005,0.0,2026
2026-09-16,9121.868756103515,False,0.0005,0.0,2026
2026-09-16,3124.872068595886,False,0.0005,0.0,2026
